anno,capodanno,animale,animale_precedente,nati_1_gennaio_fino_a_con_animale_precedente,lichun_utc8,fuso_del_calcolo,ora_luna_nuova,hko,concorda_hko,lichun_hko,concorda_lichun_hko,lunardate,concorda_lunardate,nota
1900,1900-01-31,Topo,Maiale,1900-01-30,1900-02-04 13:50,ora media di Pechino 116 25 E,09:07,,,,,1900-01-31,si,
1901,1901-02-19,Bue,Topo,1901-02-18,1901-02-04 19:39,ora media di Pechino 116 25 E,10:30,1901-02-19,si,1901-02-04,si,1901-02-19,si,
1902,1902-02-08,Tigre,Bue,1902-02-07,1902-02-05 01:37,ora media di Pechino 116 25 E,21:06,1902-02-08,si,1902-02-05,si,1902-02-08,si,
1903,1903-01-29,Coniglio,Tigre,1903-01-28,1903-02-05 07:30,ora media di Pechino 116 25 E,00:23,1903-01-29,si,1903-02-05,si,1903-01-29,si,luna nuova a 23 min dalla mezzanotte
1904,1904-02-16,Drago,Coniglio,1904-02-15,1904-02-05 13:23,ora media di Pechino 116 25 E,18:49,1904-02-16,si,1904-02-05,si,1904-02-16,si,
1905,1905-02-04,Serpente,Drago,1905-02-03,1905-02-04 19:15,ora media di Pechino 116 25 E,18:50,1905-02-04,si,1905-02-04,si,1905-02-04,si,
1906,1906-01-25,Cavallo,Serpente,1906-01-24,1906-02-05 01:03,ora media di Pechino 116 25 E,00:54,1906-01-25,si,1906-02-05,si,1906-01-25,si,
1907,1907-02-13,Capra,Cavallo,1907-02-12,1907-02-05 06:58,ora media di Pechino 116 25 E,01:27,1907-02-13,si,1907-02-05,si,1907-02-13,si,
1908,1908-02-02,Scimmia,Capra,1908-02-01,1908-02-05 12:46,ora media di Pechino 116 25 E,16:21,1908-02-02,si,1908-02-05,si,1908-02-02,si,
1909,1909-01-22,Gallo,Scimmia,1909-01-21,1909-02-04 18:31,ora media di Pechino 116 25 E,07:56,1909-01-22,si,1909-02-04,si,1909-01-22,si,
1910,1910-02-10,Cane,Gallo,1910-02-09,1910-02-05 00:26,ora media di Pechino 116 25 E,08:57,1910-02-10,si,1910-02-05,si,1910-02-10,si,
1911,1911-01-30,Maiale,Cane,1911-01-29,1911-02-05 06:09,ora media di Pechino 116 25 E,17:29,1911-01-30,si,1911-02-05,si,1911-01-30,si,
1912,1912-02-18,Topo,Maiale,1912-02-17,1912-02-05 11:53,ora media di Pechino 116 25 E,13:28,1912-02-18,si,1912-02-05,si,1912-02-18,si,
1913,1913-02-06,Bue,Topo,1913-02-05,1913-02-04 17:42,ora media di Pechino 116 25 E,13:06,1913-02-06,si,1913-02-04,si,1913-02-06,si,
1914,1914-01-26,Tigre,Bue,1914-01-25,1914-02-04 23:28,ora media di Pechino 116 25 E,14:18,1914-01-26,si,1914-02-04,si,1914-01-26,si,
1915,1915-02-14,Coniglio,Tigre,1915-02-13,1915-02-05 05:24,ora media di Pechino 116 25 E,12:16,1915-02-14,si,1915-02-05,si,1915-02-14,si,
1916,1916-02-03,Drago,Coniglio,1916-02-02,1916-02-05 11:13,ora media di Pechino 116 25 E,23:50,1916-02-03,si,1916-02-05,si,1916-02-03,si,luna nuova a 9 min dalla mezzanotte
1917,1917-01-23,Serpente,Drago,1917-01-22,1917-02-04 16:57,ora media di Pechino 116 25 E,15:24,1917-01-23,si,1917-02-04,si,1917-01-23,si,
1918,1918-02-11,Cavallo,Serpente,1918-02-10,1918-02-04 22:52,ora media di Pechino 116 25 E,17:49,1918-02-11,si,1918-02-04,si,1918-02-11,si,
1919,1919-02-01,Capra,Cavallo,1919-01-31,1919-02-05 04:39,ora media di Pechino 116 25 E,06:51,1919-02-01,si,1919-02-05,si,1919-02-01,si,
1920,1920-02-20,Scimmia,Capra,1920-02-19,1920-02-05 10:26,ora media di Pechino 116 25 E,05:19,1920-02-20,si,1920-02-05,si,1920-02-20,si,
1921,1921-02-08,Gallo,Scimmia,1921-02-07,1921-02-04 16:19,ora media di Pechino 116 25 E,08:21,1921-02-08,si,1921-02-04,si,1921-02-08,si,
1922,1922-01-28,Cane,Gallo,1922-01-27,1922-02-04 22:06,ora media di Pechino 116 25 E,07:33,1922-01-28,si,1922-02-04,si,1922-01-28,si,
1923,1923-02-16,Maiale,Cane,1923-02-15,1923-02-05 03:59,ora media di Pechino 116 25 E,02:52,1923-02-16,si,1923-02-05,si,1923-02-16,si,
1924,1924-02-05,Topo,Maiale,1924-02-04,1924-02-05 09:49,ora media di Pechino 116 25 E,09:23,1924-02-05,si,1924-02-05,si,1924-02-05,si,
1925,1925-01-24,Bue,Topo,1925-01-23,1925-02-04 15:36,ora media di Pechino 116 25 E,22:30,1925-01-24,si,1925-02-04,si,1925-01-24,si,
1926,1926-02-13,Tigre,Bue,1926-02-12,1926-02-04 21:37,ora media di Pechino 116 25 E,01:05,1926-02-13,si,1926-02-04,si,1926-02-13,si,
1927,1927-02-02,Coniglio,Tigre,1927-02-01,1927-02-05 03:29,ora media di Pechino 116 25 E,16:39,1927-02-02,si,1927-02-05,si,1927-02-02,si,
1928,1928-01-23,Drago,Coniglio,1928-01-22,1928-02-05 09:16,ora media di Pechino 116 25 E,04:03,1928-01-23,si,1928-02-05,si,1928-01-23,si,
1929,1929-02-10,Serpente,Drago,1929-02-09,1929-02-04 15:08,UTC+8,01:54,1929-02-10,si,1929-02-04,si,1929-02-10,si,
1930,1930-01-30,Cavallo,Serpente,1930-01-29,1930-02-04 20:50,UTC+8,03:06,1930-01-30,si,1930-02-04,si,1930-01-30,si,
1931,1931-02-17,Capra,Cavallo,1931-02-16,1931-02-05 02:40,UTC+8,21:10,1931-02-17,si,1931-02-05,si,1931-02-17,si,
1932,1932-02-06,Scimmia,Capra,1932-02-05,1932-02-05 08:29,UTC+8,22:44,1932-02-06,si,1932-02-05,si,1932-02-06,si,
1933,1933-01-26,Gallo,Scimmia,1933-01-25,1933-02-04 14:08,UTC+8,07:19,1933-01-26,si,1933-02-04,si,1933-01-26,si,
1934,1934-02-14,Cane,Gallo,1934-02-13,1934-02-04 20:03,UTC+8,08:43,1934-02-14,si,1934-02-04,si,1934-02-14,si,
1935,1935-02-04,Maiale,Cane,1935-02-03,1935-02-05 01:48,UTC+8,00:26,1935-02-04,si,1935-02-05,si,1935-02-04,si,luna nuova a 27 min dalla mezzanotte
1936,1936-01-24,Topo,Maiale,1936-01-23,1936-02-05 07:28,UTC+8,15:17,1936-01-24,si,1936-02-05,si,1936-01-24,si,
1937,1937-02-11,Bue,Topo,1937-02-10,1937-02-04 13:25,UTC+8,15:34,1937-02-11,si,1937-02-04,si,1937-02-11,si,
1938,1938-01-31,Tigre,Bue,1938-01-30,1938-02-04 19:14,UTC+8,21:34,1938-01-31,si,1938-02-04,si,1938-01-31,si,
1939,1939-02-19,Coniglio,Tigre,1939-02-18,1939-02-05 01:10,UTC+8,16:27,1939-02-19,si,1939-02-05,si,1939-02-19,si,
1940,1940-02-08,Drago,Coniglio,1940-02-07,1940-02-05 07:07,UTC+8,15:44,1940-02-08,si,1940-02-05,si,1940-02-08,si,
1941,1941-01-27,Serpente,Drago,1941-01-26,1941-02-04 12:49,UTC+8,19:02,1941-01-27,si,1941-02-04,si,1941-01-27,si,
1942,1942-02-15,Cavallo,Serpente,1942-02-14,1942-02-04 18:48,UTC+8,18:02,1942-02-15,si,1942-02-04,si,1942-02-15,si,
1943,1943-02-05,Capra,Cavallo,1943-02-04,1943-02-05 00:39,UTC+8,07:28,1943-02-05,si,1943-02-05,si,1943-02-05,si,
1944,1944-01-25,Scimmia,Capra,1944-01-24,1944-02-05 06:22,UTC+8,23:23,1944-01-25,si,1944-02-05,si,1944-01-25,si,
1945,1945-02-13,Gallo,Scimmia,1945-02-12,1945-02-04 12:19,UTC+8,01:32,1945-02-13,si,1945-02-04,si,1945-02-13,si,
1946,1946-02-02,Cane,Gallo,1946-02-01,1946-02-04 18:03,UTC+8,12:42,1946-02-02,si,1946-02-04,si,1946-02-02,si,
1947,1947-01-22,Maiale,Cane,1947-01-21,1947-02-04 23:50,UTC+8,16:34,1947-01-22,si,1947-02-04,si,1947-01-22,si,
1948,1948-02-10,Topo,Maiale,1948-02-09,1948-02-05 05:41,UTC+8,11:01,1948-02-10,si,1948-02-05,si,1948-02-10,si,
1949,1949-01-29,Bue,Topo,1949-01-28,1949-02-04 11:22,UTC+8,10:41,1949-01-29,si,1949-02-04,si,1949-01-29,si,
1950,1950-02-17,Tigre,Bue,1950-02-16,1950-02-04 17:20,UTC+8,06:52,1950-02-17,si,1950-02-04,si,1950-02-17,si,
1951,1951-02-06,Coniglio,Tigre,1951-02-05,1951-02-04 23:13,UTC+8,15:53,1951-02-06,si,1951-02-04,si,1951-02-06,si,
1952,1952-01-27,Drago,Coniglio,1952-01-26,1952-02-05 04:52,UTC+8,06:26,1952-01-27,si,1952-02-05,si,1952-01-27,si,
1953,1953-02-14,Serpente,Drago,1953-02-13,1953-02-04 10:45,UTC+8,09:10,1953-02-14,si,1953-02-04,si,1953-02-14,si,
1954,1954-02-03,Cavallo,Serpente,1954-02-02,1954-02-04 16:30,UTC+8,23:55,1954-02-03,si,1954-02-04,si,1954-02-03,si,luna nuova a 5 min dalla mezzanotte
1955,1955-01-24,Capra,Cavallo,1955-01-23,1955-02-04 22:17,UTC+8,09:06,1955-01-24,si,1955-02-04,si,1955-01-24,si,
1956,1956-02-12,Scimmia,Capra,1956-02-11,1956-02-05 04:11,UTC+8,05:37,1956-02-12,si,1956-02-05,si,1956-02-12,si,
1957,1957-01-31,Gallo,Scimmia,1957-01-30,1957-02-04 09:54,UTC+8,05:24,1957-01-31,si,1957-02-04,si,1957-01-31,si,
1958,1958-02-18,Cane,Gallo,1958-02-17,1958-02-04 15:49,UTC+8,23:38,1958-02-18,si,1958-02-04,si,1958-02-18,si,luna nuova a 22 min dalla mezzanotte
1959,1959-02-08,Maiale,Cane,1959-02-07,1959-02-04 21:42,UTC+8,03:21,1959-02-08,si,1959-02-04,si,1959-02-08,si,
1960,1960-01-28,Topo,Maiale,1960-01-27,1960-02-05 03:22,UTC+8,14:14,1960-01-28,si,1960-02-05,si,1960-01-28,si,
1961,1961-02-15,Bue,Topo,1961-02-14,1961-02-04 09:22,UTC+8,16:10,1961-02-15,si,1961-02-04,si,1961-02-15,si,
1962,1962-02-05,Tigre,Bue,1962-02-04,1962-02-04 15:17,UTC+8,08:09,1962-02-05,si,1962-02-04,si,1962-02-05,si,
1963,1963-01-25,Coniglio,Tigre,1963-01-24,1963-02-04 21:07,UTC+8,21:41,1963-01-25,si,1963-02-04,si,1963-01-25,si,
1964,1964-02-13,Drago,Coniglio,1964-02-12,1964-02-05 03:04,UTC+8,21:01,1964-02-13,si,1964-02-05,si,1964-02-13,si,
1965,1965-02-02,Serpente,Drago,1965-02-01,1965-02-04 08:45,UTC+8,00:35,1965-02-02,si,1965-02-04,si,1965-02-02,si,
1966,1966-01-21,Cavallo,Serpente,1966-01-20,1966-02-04 14:37,UTC+8,23:46,1966-01-21,si,1966-02-04,si,1966-01-21,si,luna nuova a 14 min dalla mezzanotte
1967,1967-02-09,Capra,Cavallo,1967-02-08,1967-02-04 20:30,UTC+8,18:43,1967-02-09,si,1967-02-04,si,1967-02-09,si,
1968,1968-01-30,Scimmia,Capra,1968-01-29,1968-02-05 02:07,UTC+8,00:29,1968-01-30,si,1968-02-05,si,1968-01-30,si,luna nuova a 29 min dalla mezzanotte
1969,1969-02-17,Gallo,Scimmia,1969-02-16,1969-02-04 07:58,UTC+8,00:24,1969-02-17,si,1969-02-04,si,1969-02-17,si,luna nuova a 25 min dalla mezzanotte
1970,1970-02-06,Cane,Gallo,1970-02-05,1970-02-04 13:45,UTC+8,15:12,1970-02-06,si,1970-02-04,si,1970-02-06,si,
1971,1971-01-27,Maiale,Cane,1971-01-26,1971-02-04 19:25,UTC+8,06:55,1971-01-27,si,1971-02-04,si,1971-01-27,si,
1972,1972-02-15,Topo,Maiale,1972-02-14,1972-02-05 01:20,UTC+8,08:28,1972-02-15,si,1972-02-05,si,1972-02-15,si,
1973,1973-02-03,Bue,Topo,1973-02-02,1973-02-04 07:04,UTC+8,17:22,1973-02-03,si,1973-02-04,si,1973-02-03,si,
1974,1974-01-23,Tigre,Bue,1974-01-22,1974-02-04 13:00,UTC+8,19:01,1974-01-23,si,1974-02-04,si,1974-01-23,si,
1975,1975-02-11,Coniglio,Tigre,1975-02-10,1975-02-04 18:59,UTC+8,13:16,1975-02-11,si,1975-02-04,si,1975-02-11,si,
1976,1976-01-31,Drago,Coniglio,1976-01-30,1976-02-05 00:39,UTC+8,14:20,1976-01-31,si,1976-02-05,si,1976-01-31,si,
1977,1977-02-18,Serpente,Drago,1977-02-17,1977-02-04 06:33,UTC+8,11:36,1977-02-18,si,1977-02-04,si,1977-02-18,si,
1978,1978-02-07,Cavallo,Serpente,1978-02-06,1978-02-04 12:26,UTC+8,22:53,1978-02-07,si,1978-02-04,si,1978-02-07,si,
1979,1979-01-28,Capra,Cavallo,1979-01-27,1979-02-04 18:12,UTC+8,14:19,1979-01-28,si,1979-02-04,si,1979-01-28,si,
1980,1980-02-16,Scimmia,Capra,1980-02-15,1980-02-05 00:09,UTC+8,16:50,1980-02-16,si,1980-02-05,si,1980-02-16,si,
1981,1981-02-05,Gallo,Scimmia,1981-02-04,1981-02-04 05:55,UTC+8,06:13,1981-02-05,si,1981-02-04,si,1981-02-05,si,
1982,1982-01-25,Cane,Gallo,1982-01-24,1982-02-04 11:45,UTC+8,12:55,1982-01-25,si,1982-02-04,si,1982-01-25,si,
1983,1983-02-13,Maiale,Cane,1983-02-12,1983-02-04 17:39,UTC+8,08:31,1983-02-13,si,1983-02-04,si,1983-02-13,si,
1984,1984-02-02,Topo,Maiale,1984-02-01,1984-02-04 23:18,UTC+8,07:46,1984-02-02,si,1984-02-04,si,1984-02-02,si,
1985,1985-02-20,Bue,Topo,1985-02-19,1985-02-04 05:11,UTC+8,02:42,1985-02-20,si,1985-02-04,si,1985-02-20,si,
1986,1986-02-09,Tigre,Bue,1986-02-08,1986-02-04 11:07,UTC+8,08:55,1986-02-09,si,1986-02-04,si,1986-02-09,si,
1987,1987-01-29,Coniglio,Tigre,1987-01-28,1987-02-04 16:51,UTC+8,21:44,1987-01-29,si,1987-02-04,si,1987-01-29,si,
1988,1988-02-17,Drago,Coniglio,1988-02-16,1988-02-04 22:42,UTC+8,23:54,1988-02-17,si,1988-02-04,si,1988-02-17,si,luna nuova a 6 min dalla mezzanotte
1989,1989-02-06,Serpente,Drago,1989-02-05,1989-02-04 04:27,UTC+8,15:36,1989-02-06,si,1989-02-04,si,1989-02-06,si,
1990,1990-01-27,Cavallo,Serpente,1990-01-26,1990-02-04 10:13,UTC+8,03:20,1990-01-27,si,1990-02-04,si,1990-01-27,si,
1991,1991-02-15,Capra,Cavallo,1991-02-14,1991-02-04 16:08,UTC+8,01:31,1991-02-15,si,1991-02-04,si,1991-02-15,si,
1992,1992-02-04,Scimmia,Capra,1992-02-03,1992-02-04 21:48,UTC+8,02:59,1992-02-04,si,1992-02-04,si,1992-02-04,si,
1993,1993-01-23,Gallo,Scimmia,1993-01-22,1993-02-04 03:37,UTC+8,02:26,1993-01-23,si,1993-02-04,si,1993-01-23,si,
1994,1994-02-10,Cane,Gallo,1994-02-09,1994-02-04 09:30,UTC+8,22:29,1994-02-10,si,1994-02-04,si,1994-02-10,si,
1995,1995-01-31,Maiale,Cane,1995-01-30,1995-02-04 15:12,UTC+8,06:47,1995-01-31,si,1995-02-04,si,1995-01-31,si,
1996,1996-02-19,Topo,Maiale,1996-02-18,1996-02-04 21:07,UTC+8,07:30,1996-02-19,si,1996-02-04,si,1996-02-19,si,
1997,1997-02-07,Bue,Topo,1997-02-06,1997-02-04 03:01,UTC+8,23:06,1997-02-07,si,1997-02-04,si,1997-02-07,si,
1998,1998-01-28,Tigre,Bue,1998-01-27,1998-02-04 08:56,UTC+8,14:00,1998-01-28,si,1998-02-04,si,1998-01-28,si,
1999,1999-02-16,Coniglio,Tigre,1999-02-15,1999-02-04 14:57,UTC+8,14:38,1999-02-16,si,1999-02-04,si,1999-02-16,si,
2000,2000-02-05,Drago,Coniglio,2000-02-04,2000-02-04 20:40,UTC+8,21:03,2000-02-05,si,2000-02-04,si,2000-02-05,si,
2001,2001-01-24,Serpente,Drago,2001-01-23,2001-02-04 02:28,UTC+8,21:06,2001-01-24,si,2001-02-04,si,2001-01-24,si,
2002,2002-02-12,Cavallo,Serpente,2002-02-11,2002-02-04 08:24,UTC+8,15:40,2002-02-12,si,2002-02-04,si,2002-02-12,si,
2003,2003-02-01,Capra,Cavallo,2003-01-31,2003-02-04 14:05,UTC+8,18:48,2003-02-01,si,2003-02-04,si,2003-02-01,si,
2004,2004-01-22,Scimmia,Capra,2004-01-21,2004-02-04 19:56,UTC+8,05:04,2004-01-22,si,2004-02-04,si,2004-01-22,si,
2005,2005-02-09,Gallo,Scimmia,2005-02-08,2005-02-04 01:43,UTC+8,06:28,2005-02-09,si,2005-02-04,si,2005-02-09,si,
2006,2006-01-29,Cane,Gallo,2006-01-28,2006-02-04 07:27,UTC+8,22:14,2006-01-29,si,2006-02-04,si,2006-01-29,si,
2007,2007-02-18,Maiale,Cane,2007-02-17,2007-02-04 13:18,UTC+8,00:14,2007-02-18,si,2007-02-04,si,2007-02-18,si,luna nuova a 14 min dalla mezzanotte
2008,2008-02-07,Topo,Maiale,2008-02-06,2008-02-04 19:00,UTC+8,11:44,2008-02-07,si,2008-02-04,si,2008-02-07,si,
2009,2009-01-26,Bue,Topo,2009-01-25,2009-02-04 00:49,UTC+8,15:55,2009-01-26,si,2009-02-04,si,2009-01-26,si,
2010,2010-02-14,Tigre,Bue,2010-02-13,2010-02-04 06:47,UTC+8,10:51,2010-02-14,si,2010-02-04,si,2010-02-14,si,
2011,2011-02-03,Coniglio,Tigre,2011-02-02,2011-02-04 12:32,UTC+8,10:30,2011-02-03,si,2011-02-04,si,2011-02-03,si,
2012,2012-01-23,Drago,Coniglio,2012-01-22,2012-02-04 18:22,UTC+8,15:39,2012-01-23,si,2012-02-04,si,2012-01-23,si,
2013,2013-02-10,Serpente,Drago,2013-02-09,2013-02-04 00:13,UTC+8,15:20,2013-02-10,si,2013-02-04,si,2013-02-10,si,
2014,2014-01-31,Cavallo,Serpente,2014-01-30,2014-02-04 06:03,UTC+8,05:38,2014-01-31,si,2014-02-04,si,2014-01-31,si,
2015,2015-02-19,Capra,Cavallo,2015-02-18,2015-02-04 11:58,UTC+8,07:47,2015-02-19,si,2015-02-04,si,2015-02-19,si,
2016,2016-02-08,Scimmia,Capra,2016-02-07,2016-02-04 17:46,UTC+8,22:38,2016-02-08,si,2016-02-04,si,2016-02-08,si,
2017,2017-01-28,Gallo,Scimmia,2017-01-27,2017-02-03 23:34,UTC+8,08:07,2017-01-28,si,2017-02-03,si,2017-01-28,si,
2018,2018-02-16,Cane,Gallo,2018-02-15,2018-02-04 05:28,UTC+8,05:05,2018-02-16,si,2018-02-04,si,2018-02-16,si,
2019,2019-02-05,Maiale,Cane,2019-02-04,2019-02-04 11:14,UTC+8,05:03,2019-02-05,si,2019-02-04,si,2019-02-05,si,
2020,2020-01-25,Topo,Maiale,2020-01-24,2020-02-04 17:03,UTC+8,05:41,2020-01-25,si,2020-02-04,si,2020-01-25,si,
2021,2021-02-12,Bue,Topo,2021-02-11,2021-02-03 22:58,UTC+8,03:05,2021-02-12,si,2021-02-03,si,2021-02-12,si,
2022,2022-02-01,Tigre,Bue,2022-01-31,2022-02-04 04:50,UTC+8,13:46,2022-02-01,si,2022-02-04,si,2022-02-01,si,
2023,2023-01-22,Coniglio,Tigre,2023-01-21,2023-02-04 10:42,UTC+8,04:53,2023-01-22,si,2023-02-04,si,2023-01-22,si,
2024,2024-02-10,Drago,Coniglio,2024-02-09,2024-02-04 16:27,UTC+8,06:59,2024-02-10,si,2024-02-04,si,2024-02-10,si,
2025,2025-01-29,Serpente,Drago,2025-01-28,2025-02-03 22:10,UTC+8,20:35,2025-01-29,si,2025-02-03,si,2025-01-29,si,
2026,2026-02-17,Cavallo,Serpente,2026-02-16,2026-02-04 04:02,UTC+8,20:01,2026-02-17,si,2026-02-04,si,2026-02-17,si,
2027,2027-02-06,Capra,Cavallo,2027-02-05,2027-02-04 09:46,UTC+8,23:56,2027-02-06,si,2027-02-04,si,2027-02-06,si,luna nuova a 4 min dalla mezzanotte
2028,2028-01-26,Scimmia,Capra,2028-01-25,2028-02-04 15:31,UTC+8,23:12,2028-01-26,si,2028-02-04,si,2028-01-26,si,
2029,2029-02-13,Gallo,Scimmia,2029-02-12,2029-02-03 21:20,UTC+8,18:31,2029-02-13,si,2029-02-03,si,2029-02-13,si,
2030,2030-02-03,Cane,Gallo,2030-02-02,2030-02-04 03:08,UTC+8,00:07,2030-02-03,si,2030-02-04,si,2030-02-03,si,luna nuova a 8 min dalla mezzanotte
2031,2031-01-23,Maiale,Cane,2031-01-22,2031-02-04 08:58,UTC+8,12:31,2031-01-23,si,2031-02-04,si,2031-01-23,si,
2032,2032-02-11,Topo,Maiale,2032-02-10,2032-02-04 14:48,UTC+8,14:24,2032-02-11,si,2032-02-04,si,2032-02-11,si,
2033,2033-01-31,Bue,Topo,2033-01-30,2033-02-03 20:41,UTC+8,05:59,2033-01-31,si,2033-02-03,si,2033-01-31,si,
2034,2034-02-19,Tigre,Bue,2034-02-18,2034-02-04 02:41,UTC+8,07:10,2034-02-19,si,2034-02-04,si,2034-02-19,si,intercalare 11
2035,2035-02-08,Coniglio,Tigre,2035-02-07,2035-02-04 08:31,UTC+8,16:22,2035-02-08,si,2035-02-04,si,2035-02-08,si,
2036,2036-01-28,Drago,Coniglio,2036-01-27,2036-02-04 14:19,UTC+8,18:17,2036-01-28,si,2036-02-04,si,2036-01-28,si,
2037,2037-02-15,Serpente,Drago,2037-02-14,2037-02-03 20:11,UTC+8,12:54,2037-02-15,si,2037-02-03,si,2037-02-15,si,
2038,2038-02-04,Cavallo,Serpente,2038-02-03,2038-02-04 02:03,UTC+8,13:52,2038-02-04,si,2038-02-04,si,2038-02-04,si,
2039,2039-01-24,Capra,Cavallo,2039-01-23,2039-02-04 07:52,UTC+8,21:36,2039-01-24,si,2039-02-04,si,2039-01-24,si,
2040,2040-02-12,Scimmia,Capra,2040-02-11,2040-02-04 13:39,UTC+8,22:24,2040-02-12,si,2040-02-04,si,2040-02-12,si,
2041,2041-02-01,Gallo,Scimmia,2041-01-31,2041-02-03 19:25,UTC+8,13:42,2041-02-01,si,2041-02-03,si,2041-02-01,si,
2042,2042-01-22,Cane,Gallo,2042-01-21,2042-02-04 01:12,UTC+8,04:42,2042-01-22,si,2042-02-04,si,2042-01-22,si,
2043,2043-02-10,Maiale,Cane,2043-02-09,2043-02-04 06:58,UTC+8,05:07,2043-02-10,si,2043-02-04,si,2043-02-10,si,
2044,2044-01-30,Topo,Maiale,2044-01-29,2044-02-04 12:44,UTC+8,12:04,2044-01-30,si,2044-02-04,si,2044-01-30,si,
2045,2045-02-17,Bue,Topo,2045-02-16,2045-02-03 18:36,UTC+8,07:51,2045-02-17,si,2045-02-03,si,2045-02-17,si,
2046,2046-02-06,Tigre,Bue,2046-02-05,2046-02-04 00:31,UTC+8,07:09,2046-02-06,si,2046-02-04,si,2046-02-06,si,
2047,2047-01-26,Coniglio,Tigre,2047-01-25,2047-02-04 06:18,UTC+8,09:43,2047-01-26,si,2047-02-04,si,2047-01-26,si,
2048,2048-02-14,Drago,Coniglio,2048-02-13,2048-02-04 12:04,UTC+8,08:31,2048-02-14,si,2048-02-04,si,2048-02-14,si,
2049,2049-02-02,Serpente,Drago,2049-02-01,2049-02-03 17:53,UTC+8,21:15,2049-02-02,si,2049-02-03,si,2049-02-02,si,
2050,2050-01-23,Cavallo,Serpente,2050-01-22,2050-02-03 23:43,UTC+8,12:57,2050-01-23,si,2050-02-03,si,2050-01-23,si,
2051,2051-02-11,Capra,Cavallo,2051-02-10,2051-02-04 05:36,UTC+8,14:41,2051-02-11,si,2051-02-04,si,2051-02-11,si,
2052,2052-02-01,Scimmia,Capra,2052-01-31,2052-02-04 11:23,UTC+8,02:30,2052-02-01,si,2052-02-04,si,2052-02-01,si,
2053,2053-02-19,Gallo,Scimmia,2053-02-18,2053-02-03 17:13,UTC+8,00:31,2053-02-19,si,2053-02-03,si,2053-02-19,si,
2054,2054-02-08,Cane,Gallo,2054-02-07,2054-02-03 23:08,UTC+8,02:14,2054-02-08,si,2054-02-03,si,2054-02-08,si,
2055,2055-01-28,Maiale,Cane,2055-01-27,2055-02-04 04:56,UTC+8,01:39,2055-01-28,si,2055-02-04,si,2055-01-28,si,
2056,2056-02-15,Topo,Maiale,2056-02-14,2056-02-04 10:47,UTC+8,22:00,2056-02-15,si,2056-02-04,si,2056-02-15,si,
2057,2057-02-04,Bue,Topo,2057-02-03,2057-02-03 16:42,UTC+8,06:10,2057-02-04,si,2057-02-03,si,2057-02-04,si,
2058,2058-01-24,Tigre,Bue,2058-01-23,2058-02-03 22:34,UTC+8,20:14,2058-01-24,si,2058-02-03,si,2058-01-24,si,
2059,2059-02-12,Coniglio,Tigre,2059-02-11,2059-02-04 04:24,UTC+8,22:27,2059-02-12,si,2059-02-04,si,2059-02-12,si,
2060,2060-02-02,Drago,Coniglio,2060-02-01,2060-02-04 10:08,UTC+8,13:23,2060-02-02,si,2060-02-04,si,2060-02-02,si,
2061,2061-01-21,Serpente,Drago,2061-01-20,2061-02-03 15:54,UTC+8,23:16,2061-01-21,si,2061-02-03,si,2061-01-21,si,
2062,2062-02-09,Cavallo,Serpente,2062-02-08,2062-02-03 21:47,UTC+8,20:11,2062-02-09,si,2062-02-03,si,2062-02-09,si,
2063,2063-01-29,Capra,Cavallo,2063-01-28,2063-02-04 03:31,UTC+8,20:23,2063-01-29,si,2063-02-04,si,2063-01-29,si,
2064,2064-02-17,Scimmia,Capra,2064-02-16,2064-02-04 09:15,UTC+8,15:03,2064-02-17,si,2064-02-04,si,2064-02-17,si,
2065,2065-02-05,Gallo,Scimmia,2065-02-04,2065-02-03 15:04,UTC+8,18:02,2065-02-05,si,2065-02-03,si,2065-02-05,si,
2066,2066-01-26,Cane,Gallo,2066-01-25,2066-02-03 20:49,UTC+8,04:14,2066-01-26,si,2066-02-03,si,2066-01-26,si,
2067,2067-02-14,Maiale,Cane,2067-02-13,2067-02-04 02:37,UTC+8,05:58,2067-02-14,si,2067-02-04,si,2067-02-14,si,
2068,2068-02-03,Topo,Maiale,2068-02-02,2068-02-04 08:29,UTC+8,21:45,2068-02-03,si,2068-02-04,si,2068-02-03,si,
2069,2069-01-23,Bue,Topo,2069-01-22,2069-02-03 14:21,UTC+8,11:37,2069-01-23,si,2069-02-03,si,2069-01-23,si,
2070,2070-02-11,Tigre,Bue,2070-02-10,2070-02-03 20:22,UTC+8,10:53,2070-02-11,si,2070-02-03,si,2070-02-11,si,
2071,2071-01-31,Coniglio,Tigre,2071-01-30,2071-02-04 02:11,UTC+8,15:16,2071-01-31,si,2071-02-04,si,2071-01-31,si,
2072,2072-02-19,Drago,Coniglio,2072-02-18,2072-02-04 07:57,UTC+8,10:04,2072-02-19,si,2072-02-04,si,2072-02-19,si,
2073,2073-02-07,Serpente,Drago,2073-02-06,2073-02-03 13:53,UTC+8,09:41,2073-02-07,si,2073-02-03,si,2073-02-07,si,
2074,2074-01-27,Cavallo,Serpente,2074-01-26,2074-02-03 19:42,UTC+8,14:38,2074-01-27,si,2074-02-03,si,2074-01-27,si,
2075,2075-02-15,Capra,Cavallo,2075-02-14,2075-02-04 01:31,UTC+8,14:41,2075-02-15,si,2075-02-04,si,2075-02-15,si,
2076,2076-02-05,Scimmia,Capra,2076-02-04,2076-02-04 07:20,UTC+8,05:02,2076-02-05,si,2076-02-04,si,2076-02-05,si,
2077,2077-01-24,Gallo,Scimmia,2077-01-23,2077-02-03 13:04,UTC+8,20:46,2077-01-24,si,2077-02-03,si,2077-01-24,si,
2078,2078-02-12,Cane,Gallo,2078-02-11,2078-02-03 18:58,UTC+8,22:00,2078-02-12,si,2078-02-03,si,2078-02-12,si,
2079,2079-02-02,Maiale,Cane,2079-02-01,2079-02-04 00:44,UTC+8,07:36,2079-02-02,si,2079-02-04,si,2079-02-02,si,
2080,2080-01-22,Topo,Maiale,2080-01-21,2080-02-04 06:29,UTC+8,09:56,2080-01-22,si,2080-02-04,si,2080-01-22,si,
2081,2081-02-09,Bue,Topo,2081-02-08,2081-02-03 12:27,UTC+8,04:18,2081-02-09,si,2081-02-03,si,2081-02-09,si,
2082,2082-01-29,Tigre,Bue,2082-01-28,2082-02-03 18:13,UTC+8,04:47,2082-01-29,si,2082-02-03,si,2082-01-29,si,
2083,2083-02-17,Coniglio,Tigre,2083-02-16,2083-02-03 23:59,UTC+8,02:16,2083-02-17,si,2083-02-03,si,2083-02-17,si,
2084,2084-02-06,Drago,Coniglio,2084-02-05,2084-02-04 05:47,UTC+8,12:54,2084-02-06,si,2084-02-04,si,2084-02-06,si,
2085,2085-01-26,Serpente,Drago,2085-01-25,2085-02-03 11:31,UTC+8,04:08,2085-01-26,si,2085-02-03,si,2085-01-26,si,
2086,2086-02-14,Cavallo,Serpente,2086-02-13,2086-02-03 17:27,UTC+8,06:28,2086-02-14,si,2086-02-03,si,2086-02-14,si,
2087,2087-02-03,Capra,Cavallo,2087-02-02,2087-02-03 23:16,UTC+8,20:12,2087-02-03,si,2087-02-03,si,2087-02-03,si,
2088,2088-01-24,Scimmia,Capra,2088-01-23,2088-02-04 04:59,UTC+8,03:39,2088-01-24,si,2088-02-04,si,2088-01-24,si,
2089,2089-02-10,Gallo,Scimmia,2089-02-09,2089-02-03 10:56,UTC+8,23:17,2089-02-10,si,2089-02-03,si,2089-02-10,si,
2090,2090-01-30,Cane,Gallo,2090-01-29,2090-02-03 16:43,UTC+8,22:35,2090-01-30,si,2090-02-03,si,2090-01-30,si,
2091,2091-02-18,Maiale,Cane,2091-02-17,2091-02-03 22:32,UTC+8,17:40,2091-02-18,si,2091-02-03,si,2091-02-18,si,
2092,2092-02-07,Topo,Maiale,2092-02-06,2092-02-04 04:30,UTC+8,23:04,2092-02-07,si,2092-02-04,si,2092-02-07,si,
2093,2093-01-27,Bue,Topo,2093-01-26,2093-02-03 10:20,UTC+8,11:23,2093-01-27,si,2093-02-03,si,2093-01-27,si,
2094,2094-02-15,Tigre,Bue,2094-02-14,2094-02-03 16:18,UTC+8,13:45,2094-02-15,si,2094-02-03,si,2094-02-15,si,
2095,2095-02-05,Coniglio,Tigre,2095-02-04,2095-02-03 22:08,UTC+8,05:30,2095-02-05,si,2095-02-03,si,2095-02-05,si,
2096,2096-01-25,Drago,Coniglio,2096-01-24,2096-02-04 03:48,UTC+8,17:46,2096-01-25,si,2096-02-04,si,2096-01-25,si,
2097,2097-02-12,Serpente,Drago,2097-02-11,2097-02-03 09:43,UTC+8,15:50,2097-02-12,si,2097-02-03,si,2097-02-12,si,
2098,2098-02-01,Cavallo,Serpente,2098-01-31,2098-02-03 15:30,UTC+8,17:55,2098-02-01,si,2098-02-03,si,2098-02-01,si,
2099,2099-01-21,Capra,Cavallo,2099-01-20,2099-02-03 21:11,UTC+8,17:09,2099-01-21,si,2099-02-03,si,2099-01-21,si,
2100,2100-02-09,Scimmia,Capra,2100-02-08,2100-02-04 03:02,UTC+8,12:56,2100-02-09,si,2100-02-04,si,,,
