nascita_locale,citta,utc_offset_h,utc,luna_tropicale_SE,luna_tropicale_DE440s,ayanamsa_lahiri_vera_SE,ayanamsa_lahiri_vera_SE_dms,ayanamsa_formula_vera,luna_siderale_SE,luna_siderale_DE440s_formula,gradi_nel_segno,rashi,rashi_concorda,distanza_dal_confine,capodanno_lunare_anno,anno_cinese,animale_cinese,animale_se_si_usasse_anno_gregoriano,lagna_tropicale_SE,lagna_siderale_SE,lagna_rashi
1990-03-15 08:30,Roma,+1,1990-03-15 07:30,217.5129,217.5126,23.7236,"23°43'24.98""",23.7236,193.7893,193.7890,"13°47'21.33""",Tula (Bilancia),si,13.79 gradi (circa 27.8 ore di Luna),1990-01-27,1990,Cavallo,Cavallo,45.5121,21.7885,Mesha (Ariete)
1985-07-04 22:10,Milano,+2,1985-07-04 20:10,312.7553,312.7555,23.6515,"23°39'05.58""",23.6515,289.1037,289.1040,"19°06'13.42""",Makara (Capricorno),si,10.90 gradi (circa 19.5 ore di Luna),1985-02-20,1985,Bue,Bue,300.4944,276.8428,Makara (Capricorno)
2000-01-01 00:05,Napoli,+1,1999-12-31 23:05,216.8310,216.8309,23.8532,"23°51'11.53""",23.8532,192.9778,192.9777,"12°58'39.95""",Tula (Bilancia),si,12.98 gradi (circa 25.7 ore di Luna),2000-02-05,1999,Coniglio,Drago,188.2765,164.4233,Kanya (Vergine)
1972-11-23 14:00,Torino,+1,1972-11-23 13:00,97.7118,97.7116,23.4827,"23°28'57.63""",23.4827,74.2291,74.2289,"14°13'44.93""",Mithuna (Gemelli),si,14.23 gradi (circa 23.2 ore di Luna),1972-02-15,1972,Topo,Topo,350.9378,327.4551,Kumbha (Acquario)
1995-12-24 06:45,Palermo,+1,1995-12-24 05:45,302.4441,302.4443,23.8029,"23°48'10.36""",23.8029,278.6412,278.6414,"8°38'28.24""",Makara (Capricorno),si,8.64 gradi (circa 13.8 ore di Luna),1995-01-31,1995,Maiale,Maiale,262.8448,239.0420,Vrishchika (Scorpione)
1968-06-21 12:00,Firenze,+2,1968-06-21 10:00,40.6421,40.6426,23.4155,"23°24'55.63""",23.4155,17.2267,17.2271,"17°13'36.06""",Mesha (Ariete),si,12.77 gradi (circa 26.0 ore di Luna),1968-01-30,1968,Scimmia,Scimmia,165.3229,141.9075,Simha (Leone)
2004-02-29 18:20,Bologna,+1,2004-02-29 17:20,87.5834,87.5834,23.9122,"23°54'43.89""",23.9122,63.6712,63.6712,"3°40'16.38""",Mithuna (Gemelli),si,3.67 gradi (circa 7.4 ore di Luna),2004-01-22,2004,Scimmia,Scimmia,164.8872,140.9750,Simha (Leone)
1979-09-09 03:15,Bari,+2,1979-09-09 01:15,22.1649,22.1646,23.5716,"23°34'17.85""",23.5716,358.5932,358.5930,"28°35'35.64""",Mina (Pesci),si,1.41 gradi (circa 2.3 ore di Luna),1979-01-28,1979,Capra,Capra,127.5708,103.9992,Karka (Cancro)
1999-08-11 11:00,Venezia,+2,1999-08-11 09:00,137.1075,137.1076,23.8485,"23°50'54.42""",23.8485,113.2590,113.2591,"23°15'32.43""",Karka (Cancro),si,6.74 gradi (circa 11.6 ore di Luna),1999-02-16,1999,Coniglio,Coniglio,192.6291,168.7806,Kanya (Vergine)
1958-04-30 20:30,Genova,+1,1958-04-30 19:30,182.0998,182.1012,23.2772,"23°16'37.95""",23.2772,158.8226,158.8240,"8°49'21.39""",Kanya (Vergine),si,8.82 gradi (circa 14.2 ore di Luna),1958-02-18,1958,Cane,Cane,232.9365,209.6593,Tula (Bilancia)
