data,ora,luogo,maya,celtica,egizia,araba,note
1990-03-15,08:30,Roma,7 Ak'b'al,Frassino (Nion),"Ptibiou (3o decano Pesci, decano 36 di 36)",17. al-Iklil (la corona),"UTC 1990-03-15 07:30 (CET); MAYA: JDN 2447966 della data civile locale, Lungo Computo 12.18.16.16.3; identico su fourmilab.ch e maya.nmai.si.edu; con 584285 sarebbe 5 Imix; CELTICA: tabella di Graves (The White Goddess, cap. X); EGIZIA: Sole 354.4530 (24°27' Pesci) skyfield DE421, PyEphem 354.4530; margine dal confine del decano 4.45 gradi = 108.4 ore; ARABA: Luna geocentrica 217.5126 (7°30' Scorpione) skyfield DE421, PyEphem 217.5125, topocentrica 217.0766; margine dal confine della dimora 1.06 gradi = 2.1 ore; SENZA ORA la dimora e' incerta: dalla 17 alla 18 nel corso del giorno"
1985-07-04,22:10,Milano,8 Lamat,Quercia (Duir),"Sit (2o decano Cancro, decano 11 di 36)",25. Sa'd al-Akhbiya (la fortuna delle tende),"UTC 1985-07-04 20:10 (CEST); MAYA: JDN 2446251 della data civile locale, Lungo Computo 12.18.12.2.8; identico su fourmilab.ch e maya.nmai.si.edu; con 584285 sarebbe 6 Kimi; CELTICA: tabella di Graves (The White Goddess, cap. X); EGIZIA: Sole 102.7704 (12°46' Cancro) skyfield DE421, PyEphem 102.7703; margine dal confine del decano 2.77 gradi = 67.5 ore; ARABA: Luna geocentrica 312.7555 (12°45' Acquario) skyfield DE421, PyEphem 312.7555, topocentrica 313.2005; margine dal confine della dimora 4.18 gradi = 7.5 ore; SENZA ORA la dimora e' incerta: dalla 24 alla 25 nel corso del giorno"
2000-01-01,00:05,Napoli,11 Ik',Betulla (Beth),"Smat (1o decano Capricorno, decano 28 di 36)",17. al-Iklil (la corona),"UTC 1999-12-31 23:05 (CET); MAYA: JDN 2451545 della data civile locale, Lungo Computo 12.19.6.15.2; identico su fourmilab.ch e maya.nmai.si.edu; con 584285 sarebbe 9 Ajaw; CELTICA: tabella di Graves (The White Goddess, cap. X); EGIZIA: Sole 279.8203 (9°49' Capricorno) skyfield DE421, PyEphem 279.8204; margine dal confine del decano 0.18 gradi = 4.4 ore; ARABA: Luna geocentrica 216.8309 (6°49' Scorpione) skyfield DE421, PyEphem 216.8308, topocentrica 217.5912; margine dal confine della dimora 1.74 gradi = 3.5 ore; CASO LIMITE: in UTC e' gia' il 1999-12-31; con la data UTC il Maya sarebbe 10 Imix (sbagliato: vale la data civile locale); SENZA ORA la dimora e' incerta: dalla 17 alla 18 nel corso del giorno; SENZA ORA il decano e' incerto: dal 28 al 29 nel corso del giorno"
1972-11-23,14:00,Torino,4 Ik',Canna (Ngetal),"Reouo (1o decano Sagittario, decano 25 di 36)",8. al-Nathra (la punta del naso),"UTC 1972-11-23 13:00 (CET); MAYA: JDN 2441645 della data civile locale, Lungo Computo 12.17.19.6.2; identico su fourmilab.ch e maya.nmai.si.edu; con 584285 sarebbe 2 Ajaw; CELTICA: tabella di Graves (The White Goddess, cap. X); EGIZIA: Sole 241.3455 (1°20' Sagittario) skyfield DE421, PyEphem 241.3455; margine dal confine del decano 1.35 gradi = 32.8 ore; ARABA: Luna geocentrica 97.7116 (7°42' Cancro) skyfield DE421, PyEphem 97.7115, topocentrica 97.6045; margine dal confine della dimora 5.15 gradi = 8.4 ore; SENZA ORA la dimora e' incerta: dalla 7 alla 9 nel corso del giorno"
1995-12-24,06:45,Palermo,11 B'en,Betulla (Beth),"Smat (1o decano Capricorno, decano 28 di 36)",24. Sa'd al-Su'ud (la fortuna delle fortune),"UTC 1995-12-24 05:45 (CET); MAYA: JDN 2450076 della data civile locale, Lungo Computo 12.19.2.13.13; identico su fourmilab.ch e maya.nmai.si.edu; con 584285 sarebbe 9 Chuwen; CELTICA: tabella di Graves (The White Goddess, cap. X); EGIZIA: Sole 271.9307 (1°55' Capricorno) skyfield DE421, PyEphem 271.9309; margine dal confine del decano 1.93 gradi = 47.0 ore; ARABA: Luna geocentrica 302.4443 (2°26' Acquario) skyfield DE421, PyEphem 302.4445, topocentrica 303.0498; margine dal confine della dimora 6.13 gradi = 9.8 ore; SENZA ORA la dimora e' incerta: dalla 24 alla 25 nel corso del giorno"
1968-06-21,12:00,Firenze,13 Kimi,Quercia (Duir),"Sothis (1o decano Cancro, decano 10 di 36)",4. al-Dabaran (l'inseguitore),"UTC 1968-06-21 10:00 (CEST); MAYA: JDN 2440029 della data civile locale, Lungo Computo 12.17.14.15.6; identico su fourmilab.ch e maya.nmai.si.edu; con 584285 sarebbe 11 K'an; CELTICA: tabella di Graves (The White Goddess, cap. X); EGIZIA: Sole 90.0708 (0°04' Cancro) skyfield DE421, PyEphem 90.0706; margine dal confine del decano 0.07 gradi = 1.7 ore; ARABA: Luna geocentrica 40.6426 (10°38' Toro) skyfield DE421, PyEphem 40.6421, topocentrica 40.1586; margine dal confine della dimora 2.07 gradi = 4.2 ore; SENZA ORA la dimora e' incerta: dalla 3 alla 4 nel corso del giorno; SENZA ORA il decano e' incerto: dal 9 al 10 nel corso del giorno"
2004-02-29,18:20,Bologna,10 Ik',Frassino (Nion),"Chontare (2o decano Pesci, decano 35 di 36)",7. al-Dhira' (l'avambraccio),"UTC 2004-02-29 17:20 (CET); MAYA: JDN 2453065 della data civile locale, Lungo Computo 12.19.11.1.2; identico su fourmilab.ch e maya.nmai.si.edu; con 584285 sarebbe 8 Ajaw; CELTICA: tabella di Graves (The White Goddess, cap. X); EGIZIA: Sole 340.4639 (10°27' Pesci) skyfield DE421, PyEphem 340.4639; margine dal confine del decano 0.46 gradi = 11.3 ore; ARABA: Luna geocentrica 87.5834 (27°35' Gemelli) skyfield DE421, PyEphem 87.5834, topocentrica 87.7714; margine dal confine della dimora 2.42 gradi = 4.9 ore; SENZA ORA la dimora e' incerta: dalla 7 alla 8 nel corso del giorno; SENZA ORA il decano e' incerto: dal 34 al 35 nel corso del giorno"
1979-09-09,03:15,Bari,2 Ak'b'al,Vite (Muin),"Ouestebkoti (2o decano Vergine, decano 17 di 36)",2. al-Butain (il piccolo ventre),"UTC 1979-09-09 01:15 (CEST); MAYA: JDN 2444126 della data civile locale, Lungo Computo 12.18.6.4.3; identico su fourmilab.ch e maya.nmai.si.edu; con 584285 sarebbe 13 Imix; CELTICA: tabella di Graves (The White Goddess, cap. X); EGIZIA: Sole 165.7787 (15°46' Vergine) skyfield DE421, PyEphem 165.7787; margine dal confine del decano 4.22 gradi = 102.8 ore; ARABA: Luna geocentrica 22.1646 (22°09' Ariete) skyfield DE421, PyEphem 22.1645, topocentrica 21.9292; margine dal confine della dimora 3.55 gradi = 5.8 ore; SENZA ORA la dimora e' incerta: dalla 2 alla 3 nel corso del giorno"
1999-08-11,11:00,Venezia,11 Kawak,Nocciolo (Coll),"Epe (2o decano Leone, decano 14 di 36)",11. al-Zubra (la criniera),"UTC 1999-08-11 09:00 (CEST); MAYA: JDN 2451402 della data civile locale, Lungo Computo 12.19.6.7.19; identico su fourmilab.ch e maya.nmai.si.edu; con 584285 sarebbe 9 Kab'an; CELTICA: tabella di Graves (The White Goddess, cap. X); EGIZIA: Sole 138.2677 (18°16' Leone) skyfield DE421, PyEphem 138.2676; margine dal confine del decano 1.73 gradi = 42.2 ore; ARABA: Luna geocentrica 137.1076 (17°06' Leone) skyfield DE421, PyEphem 137.1075, topocentrica 137.6254; margine dal confine della dimora 4.32 gradi = 7.4 ore; SENZA ORA la dimora e' incerta: dalla 11 alla 12 nel corso del giorno"
1958-04-30,20:30,Genova,13 Imix,Salice (Saille),"Choou (1o decano Toro, decano 4 di 36)",15. al-Ghafr (la copertura),"UTC 1958-04-30 19:30 (CET); MAYA: JDN 2436324 della data civile locale, Lungo Computo 12.17.4.10.1; identico su fourmilab.ch e maya.nmai.si.edu; con 584285 sarebbe 11 Kawak; CELTICA: tabella di Graves (The White Goddess, cap. X); EGIZIA: Sole 39.9394 (9°56' Toro) skyfield DE421, PyEphem 39.9392; margine dal confine del decano 0.06 gradi = 1.5 ore; ARABA: Luna geocentrica 182.1012 (2°06' Bilancia) skyfield DE421, PyEphem 182.0996, topocentrica 182.6429; margine dal confine della dimora 2.10 gradi = 3.4 ore; SENZA ORA la dimora e' incerta: dalla 14 alla 15 nel corso del giorno; SENZA ORA il decano e' incerto: dal 4 al 5 nel corso del giorno"
