istante,fase
2026-09-04T07:51:14Z,3
2026-09-11T03:27:00Z,0
2026-09-18T20:43:47Z,1
2026-09-26T16:49:02Z,2
2026-10-03T13:25:04Z,3
2026-10-10T15:50:05Z,0
2026-10-18T16:12:41Z,1
2026-10-26T04:11:49Z,2
2026-11-01T20:28:27Z,3
2026-11-09T07:02:07Z,0
2026-11-17T11:47:50Z,1
2026-11-24T14:53:34Z,2
2026-12-01T06:08:40Z,3
2026-12-09T00:51:51Z,0
2026-12-17T05:42:40Z,1
2026-12-24T01:28:14Z,2
2026-12-30T18:59:30Z,3
2027-01-07T20:24:23Z,0
2027-01-15T20:34:31Z,1
2027-01-22T12:17:23Z,2
2027-01-29T10:55:28Z,3
2027-02-06T15:56:07Z,0
2027-02-14T07:58:29Z,1
2027-02-20T23:23:39Z,2
2027-02-28T05:16:30Z,3
