anno,mese,giorno,ora_pechino,jie,ramo_del_mese_che_apre
1900,1,6,02:03,小寒,丑
1900,2,4,13:51,立春,寅
1900,3,6,08:21,惊蛰,卯
1900,4,5,13:52,清明,辰
1900,5,6,07:55,立夏,巳
1900,6,6,12:38,芒种,午
1900,7,7,23:10,小暑,未
1900,8,8,08:50,立秋,申
1900,9,8,11:16,白露,酉
1900,10,9,02:13,寒露,戌
1900,11,8,04:39,立冬,亥
1900,12,7,20:55,大雪,子
1901,1,6,07:53,小寒,丑
1901,2,4,19:39,立春,寅
1901,3,6,14:10,惊蛰,卯
1901,4,5,19:44,清明,辰
1901,5,6,13:50,立夏,巳
1901,6,6,18:36,芒种,午
1901,7,8,05:07,小暑,未
1901,8,8,14:46,立秋,申
1901,9,8,17:10,白露,酉
1901,10,9,08:06,寒露,戌
1901,11,8,10:34,立冬,亥
1901,12,8,02:52,大雪,子
1902,1,6,13:51,小寒,丑
1902,2,5,01:38,立春,寅
1902,3,6,20:07,惊蛰,卯
1902,4,6,01:37,清明,辰
1902,5,6,19:38,立夏,巳
1902,6,7,00:19,芒种,午
1902,7,8,10:46,小暑,未
1902,8,8,20:22,立秋,申
1902,9,8,22:46,白露,酉
1902,10,9,13:45,寒露,戌
1902,11,8,16:17,立冬,亥
1902,12,8,08:41,大雪,子
1903,1,6,19:43,小寒,丑
1903,2,5,07:31,立春,寅
1903,3,7,01:58,惊蛰,卯
1903,4,6,07:25,清明,辰
1903,5,7,01:25,立夏,巳
1903,6,7,06:07,芒种,午
1903,7,8,16:36,小暑,未
1903,8,9,02:15,立秋,申
1903,9,9,04:42,白露,酉
1903,10,9,19:41,寒露,戌
1903,11,8,22:13,立冬,亥
1903,12,8,14:35,大雪,子
1904,1,7,01:37,小寒,丑
1904,2,5,13:24,立春,寅
1904,3,6,07:51,惊蛰,卯
1904,4,5,13:18,清明,辰
1904,5,6,07:18,立夏,巳
1904,6,6,12:00,芒种,午
1904,7,7,22:31,小暑,未
1904,8,8,08:11,立秋,申
1904,9,8,10:37,白露,酉
1904,10,9,01:35,寒露,戌
1904,11,8,04:04,立冬,亥
1904,12,7,20:25,大雪,子
1905,1,6,07:27,小寒,丑
1905,2,4,19:15,立春,寅
1905,3,6,13:45,惊蛰,卯
1905,4,5,19:14,清明,辰
1905,5,6,13:14,立夏,巳
1905,6,6,17:53,芒种,午
1905,7,8,04:19,小暑,未
1905,8,8,13:56,立秋,申
1905,9,8,16:21,白露,酉
1905,10,9,07:19,寒露,戌
1905,11,8,09:49,立冬,亥
1905,12,8,02:10,大雪,子
1906,1,6,13:13,小寒,丑
1906,2,5,01:03,立春,寅
1906,3,6,19:36,惊蛰,卯
1906,4,6,01:07,清明,辰
1906,5,6,19:08,立夏,巳
1906,6,6,23:48,芒种,午
1906,7,8,10:15,小暑,未
1906,8,8,19:51,立秋,申
1906,9,8,22:16,白露,酉
1906,10,9,13:14,寒露,戌
1906,11,8,15:46,立冬,亥
1906,12,8,08:09,大雪,子
1907,1,6,19:11,小寒,丑
1907,2,5,06:58,立春,寅
1907,3,7,01:27,惊蛰,卯
1907,4,6,06:54,清明,辰
1907,5,7,00:53,立夏,巳
1907,6,7,05:32,芒种,午
1907,7,8,15:59,小暑,未
1907,8,9,01:35,立秋,申
1907,9,9,04:02,白露,酉
1907,10,9,19:02,寒露,戌
1907,11,8,21:36,立冬,亥
1907,12,8,13:59,大雪,子
1908,1,7,01:01,小寒,丑
1908,2,5,12:47,立春,寅
1908,3,6,07:13,惊蛰,卯
1908,4,5,12:39,清明,辰
1908,5,6,06:38,立夏,巳
1908,6,6,11:19,芒种,午
1908,7,7,21:48,小暑,未
1908,8,8,07:26,立秋,申
1908,9,8,09:52,白露,酉
1908,10,9,00:50,寒露,戌
1908,11,8,03:22,立冬,亥
1908,12,7,19:43,大雪,子
1909,1,6,06:45,小寒,丑
1909,2,4,18:32,立春,寅
1909,3,6,13:00,惊蛰,卯
1909,4,5,18:29,清明,辰
1909,5,6,12:30,立夏,巳
1909,6,6,17:13,芒种,午
1909,7,8,03:43,小暑,未
1909,8,8,13:22,立秋,申
1909,9,8,15:46,白露,酉
1909,10,9,06:43,寒露,戌
1909,11,8,09:13,立冬,亥
1909,12,8,01:34,大雪,子
1910,1,6,12:37,小寒,丑
1910,2,5,00:27,立春,寅
1910,3,6,18:56,惊蛰,卯
1910,4,6,00:22,清明,辰
1910,5,6,18:19,立夏,巳
1910,6,6,22:56,芒种,午
1910,7,8,09:21,小暑,未
1910,8,8,18:57,立秋,申
1910,9,8,21:22,白露,酉
1910,10,9,12:21,寒露,戌
1910,11,8,14:53,立冬,亥
1910,12,8,07:16,大雪,子
1911,1,6,18:20,小寒,丑
1911,2,5,06:10,立春,寅
1911,3,7,00:38,惊蛰,卯
1911,4,6,06:04,清明,辰
1911,5,7,00:00,立夏,巳
1911,6,7,04:37,芒种,午
1911,7,8,15:04,小暑,未
1911,8,9,00:44,立秋,申
1911,9,9,03:13,白露,酉
1911,10,9,18:14,寒露,戌
1911,11,8,20:47,立冬,亥
1911,12,8,13:07,大雪,子
1912,1,7,00:07,小寒,丑
1912,2,5,11:53,立春,寅
1912,3,6,06:20,惊蛰,卯
1912,4,5,11:48,清明,辰
1912,5,6,05:47,立夏,巳
1912,6,6,10:27,芒种,午
1912,7,7,20:56,小暑,未
1912,8,8,06:37,立秋,申
1912,9,8,09:05,白露,酉
1912,10,9,00:06,寒露,戌
1912,11,8,02:38,立冬,亥
1912,12,7,18:58,大雪,子
1913,1,6,05:57,小寒,丑
1913,2,4,17:42,立春,寅
1913,3,6,12:08,惊蛰,卯
1913,4,5,17:35,清明,辰
1913,5,6,11:34,立夏,巳
1913,6,6,16:13,芒种,午
1913,7,8,02:38,小暑,未
1913,8,8,12:15,立秋,申
1913,9,8,14:42,白露,酉
1913,10,9,05:43,寒露,戌
1913,11,8,08:17,立冬,亥
1913,12,8,00:41,大雪,子
1914,1,6,11:42,小寒,丑
1914,2,4,23:29,立春,寅
1914,3,6,17:55,惊蛰,卯
1914,4,5,23:21,清明,辰
1914,5,6,17:20,立夏,巳
1914,6,6,21:59,芒种,午
1914,7,8,08:27,小暑,未
1914,8,8,18:05,立秋,申
1914,9,8,20:32,白露,酉
1914,10,9,11:34,寒露,戌
1914,11,8,14:11,立冬,亥
1914,12,8,06:37,大雪,子
1915,1,6,17:40,小寒,丑
1915,2,5,05:25,立春,寅
1915,3,6,23:48,惊蛰,卯
1915,4,6,05:09,清明,辰
1915,5,6,23:02,立夏,巳
1915,6,7,03:40,芒种,午
1915,7,8,14:07,小暑,未
1915,8,8,23:47,立秋,申
1915,9,9,02:17,白露,酉
1915,10,9,17:20,寒露,戌
1915,11,8,19:57,立冬,亥
1915,12,8,12:23,大雪,子
1916,1,6,23:27,小寒,丑
1916,2,5,11:13,立春,寅
1916,3,6,05:37,惊蛰,卯
1916,4,5,10:57,清明,辰
1916,5,6,04:49,立夏,巳
1916,6,6,09:25,芒种,午
1916,7,7,19:53,小暑,未
1916,8,8,05:34,立秋,申
1916,9,8,08:04,白露,酉
1916,10,8,23:07,寒露,戌
1916,11,8,01:42,立冬,亥
1916,12,7,18:06,大雪,子
1917,1,6,05:09,小寒,丑
1917,2,4,16:57,立春,寅
1917,3,6,11:24,惊蛰,卯
1917,4,5,16:49,清明,辰
1917,5,6,10:45,立夏,巳
1917,6,6,15:23,芒种,午
1917,7,8,01:50,小暑,未
1917,8,8,11:30,立秋,申
1917,9,8,13:59,白露,酉
1917,10,9,05:02,寒露,戌
1917,11,8,07:36,立冬,亥
1917,12,8,00:00,大雪,子
1918,1,6,11:04,小寒,丑
1918,2,4,22:53,立春,寅
1918,3,6,17:20,惊蛰,卯
1918,4,5,22:45,清明,辰
1918,5,6,16:38,立夏,巳
1918,6,6,21:10,芒种,午
1918,7,8,07:32,小暑,未
1918,8,8,17:07,立秋,申
1918,9,8,19:35,白露,酉
1918,10,9,10:40,寒露,戌
1918,11,8,13:18,立冬,亥
1918,12,8,05:46,大雪,子
1919,1,6,16:51,小寒,丑
1919,2,5,04:39,立春,寅
1919,3,6,23:05,惊蛰,卯
1919,4,6,04:28,清明,辰
1919,5,6,22:22,立夏,巳
1919,6,7,02:56,芒种,午
1919,7,8,13:20,小暑,未
1919,8,8,22:58,立秋,申
1919,9,9,01:27,白露,酉
1919,10,9,16:33,寒露,戌
1919,11,8,19:11,立冬,亥
1919,12,8,11:37,大雪,子
1920,1,6,22:40,小寒,丑
1920,2,5,10:26,立春,寅
1920,3,6,04:51,惊蛰,卯
1920,4,5,10:14,清明,辰
1920,5,6,04:11,立夏,巳
1920,6,6,08:50,芒种,午
1920,7,7,19:18,小暑,未
1920,8,8,04:58,立秋,申
1920,9,8,07:26,白露,酉
1920,10,8,22:29,寒露,戌
1920,11,8,01:04,立冬,亥
1920,12,7,17:30,大雪,子
1921,1,6,04:33,小寒,丑
1921,2,4,16:20,立春,寅
1921,3,6,10:45,惊蛰,卯
1921,4,5,16:08,清明,辰
1921,5,6,10:04,立夏,巳
1921,6,6,14:41,芒种,午
1921,7,8,01:06,小暑,未
1921,8,8,10:43,立秋,申
1921,9,8,13:09,白露,酉
1921,10,9,04:10,寒露,戌
1921,11,8,06:45,立冬,亥
1921,12,7,23:11,大雪,子
1922,1,6,10:16,小寒,丑
1922,2,4,22:06,立春,寅
1922,3,6,16:33,惊蛰,卯
1922,4,5,21:58,清明,辰
1922,5,6,15:52,立夏,巳
1922,6,6,20:30,芒种,午
1922,7,8,06:57,小暑,未
1922,8,8,16:37,立秋,申
1922,9,8,19:06,白露,酉
1922,10,9,10:09,寒露,戌
1922,11,8,12:45,立冬,亥
1922,12,8,05:10,大雪,子
1923,1,6,16:14,小寒,丑
1923,2,5,04:00,立春,寅
1923,3,6,22:24,惊蛰,卯
1923,4,6,03:45,清明,辰
1923,5,6,21:38,立夏,巳
1923,6,7,02:14,芒种,午
1923,7,8,12:42,小暑,未
1923,8,8,22:24,立秋,申
1923,9,9,00:57,白露,酉
1923,10,9,16:03,寒露,戌
1923,11,8,18:40,立冬,亥
1923,12,8,11:04,大雪,子
1924,1,6,22:05,小寒,丑
1924,2,5,09:49,立春,寅
1924,3,6,04:12,惊蛰,卯
1924,4,5,09:33,清明,辰
1924,5,6,03:25,立夏,巳
1924,6,6,08:01,芒种,午
1924,7,7,18:29,小暑,未
1924,8,8,04:12,立秋,申
1924,9,8,06:45,白露,酉
1924,10,8,21:52,寒露,戌
1924,11,8,00:29,立冬,亥
1924,12,7,16:52,大雪,子
1925,1,6,03:53,小寒,丑
1925,2,4,15:36,立春,寅
1925,3,6,09:59,惊蛰,卯
1925,4,5,15:22,清明,辰
1925,5,6,09:17,立夏,巳
1925,6,6,13:56,芒种,午
1925,7,8,00:24,小暑,未
1925,8,8,10:07,立秋,申
1925,9,8,12:40,白露,酉
1925,10,9,03:47,寒露,戌
1925,11,8,06:26,立冬,亥
1925,12,7,22:52,大雪,子
1926,1,6,09:54,小寒,丑
1926,2,4,21:38,立春,寅
1926,3,6,15:59,惊蛰,卯
1926,4,5,21:18,清明,辰
1926,5,6,15:08,立夏,巳
1926,6,6,19:41,芒种,午
1926,7,8,06:05,小暑,未
1926,8,8,15:44,立秋,申
1926,9,8,18:15,白露,酉
1926,10,9,09:24,寒露,戌
1926,11,8,12:07,立冬,亥
1926,12,8,04:38,大雪,子
1927,1,6,15:44,小寒,丑
1927,2,5,03:30,立春,寅
1927,3,6,21:50,惊蛰,卯
1927,4,6,03:06,清明,辰
1927,5,6,20:53,立夏,巳
1927,6,7,01:24,芒种,午
1927,7,8,11:49,小暑,未
1927,8,8,21:31,立秋,申
1927,9,9,00:05,白露,酉
1927,10,9,15:15,寒露,戌
1927,11,8,17:56,立冬,亥
1927,12,8,10:26,大雪,子
1928,1,6,21:31,小寒,丑
1928,2,5,09:16,立春,寅
1928,3,6,03:37,惊蛰,卯
1928,4,5,08:54,清明,辰
1928,5,6,02:43,立夏,巳
1928,6,6,07:17,芒种,午
1928,7,7,17:44,小暑,未
1928,8,8,03:27,立秋,申
1928,9,8,06:01,白露,酉
1928,10,8,21:09,寒露,戌
1928,11,7,23:49,立冬,亥
1928,12,7,16:17,大雪,子
1929,1,6,03:22,小寒,丑
1929,2,4,15:08,立春,寅
1929,3,6,09:31,惊蛰,卯
1929,4,5,14:51,清明,辰
1929,5,6,08:40,立夏,巳
1929,6,6,13:10,芒种,午
1929,7,7,23:31,小暑,未
1929,8,8,09:08,立秋,申
1929,9,8,11:39,白露,酉
1929,10,9,02:47,寒露,戌
1929,11,8,05:27,立冬,亥
1929,12,7,21:56,大雪,子
1930,1,6,09:02,小寒,丑
1930,2,4,20:51,立春,寅
1930,3,6,15:16,惊蛰,卯
1930,4,5,20:37,清明,辰
1930,5,6,14:26,立夏,巳
1930,6,6,18:58,芒种,午
1930,7,8,05:19,小暑,未
1930,8,8,14:56,立秋,申
1930,9,8,17:28,白露,酉
1930,10,9,08:37,寒露,戌
1930,11,8,11:20,立冬,亥
1930,12,8,03:50,大雪,子
1931,1,6,14:55,小寒,丑
1931,2,5,02:40,立春,寅
1931,3,6,21:02,惊蛰,卯
1931,4,6,02:20,清明,辰
1931,5,6,20:09,立夏,巳
1931,6,7,00:41,芒种,午
1931,7,8,11:05,小暑,未
1931,8,8,20:44,立秋,申
1931,9,8,23:17,白露,酉
1931,10,9,14:26,寒露,戌
1931,11,8,17:09,立冬,亥
1931,12,8,09:40,大雪,子
1932,1,6,20:45,小寒,丑
1932,2,5,08:29,立春,寅
1932,3,6,02:49,惊蛰,卯
1932,4,5,08:06,清明,辰
1932,5,6,01:55,立夏,巳
1932,6,6,06:27,芒种,午
1932,7,7,16:52,小暑,未
1932,8,8,02:31,立秋,申
1932,9,8,05:02,白露,酉
1932,10,8,20:09,寒露,戌
1932,11,7,22:49,立冬,亥
1932,12,7,15:18,大雪,子
1933,1,6,02:23,小寒,丑
1933,2,4,14:09,立春,寅
1933,3,6,08:31,惊蛰,卯
1933,4,5,13:50,清明,辰
1933,5,6,07:41,立夏,巳
1933,6,6,12:17,芒种,午
1933,7,7,22:44,小暑,未
1933,8,8,08:25,立秋,申
1933,9,8,10:57,白露,酉
1933,10,9,02:03,寒露,戌
1933,11,8,04:42,立冬,亥
1933,12,7,21:11,大雪,子
1934,1,6,08:16,小寒,丑
1934,2,4,20:03,立春,寅
1934,3,6,14:26,惊蛰,卯
1934,4,5,19:43,清明,辰
1934,5,6,13:30,立夏,巳
1934,6,6,18:01,芒种,午
1934,7,8,04:24,小暑,未
1934,8,8,14:03,立秋,申
1934,9,8,16:36,白露,酉
1934,10,9,07:44,寒露,戌
1934,11,8,10:26,立冬,亥
1934,12,8,02:56,大雪,子
1935,1,6,14:02,小寒,丑
1935,2,5,01:48,立春,寅
1935,3,6,20:10,惊蛰,卯
1935,4,6,01:26,清明,辰
1935,5,6,19:12,立夏,巳
1935,6,6,23:41,芒种,午
1935,7,8,10:05,小暑,未
1935,8,8,19:47,立秋,申
1935,9,8,22:24,白露,酉
1935,10,9,13:35,寒露,戌
1935,11,8,16:17,立冬,亥
1935,12,8,08:44,大雪,子
1936,1,6,19:46,小寒,丑
1936,2,5,07:29,立春,寅
1936,3,6,01:49,惊蛰,卯
1936,4,5,07:06,清明,辰
1936,5,6,00:56,立夏,巳
1936,6,6,05:30,芒种,午
1936,7,7,15:58,小暑,未
1936,8,8,01:43,立秋,申
1936,9,8,04:20,白露,酉
1936,10,8,19:32,寒露,戌
1936,11,7,22:14,立冬,亥
1936,12,7,14:42,大雪,子
1937,1,6,01:43,小寒,丑
1937,2,4,13:25,立春,寅
1937,3,6,07:44,惊蛰,卯
1937,4,5,13:01,清明,辰
1937,5,6,06:50,立夏,巳
1937,6,6,11:22,芒种,午
1937,7,7,21:45,小暑,未
1937,8,8,07:25,立秋,申
1937,9,8,09:59,白露,酉
1937,10,9,01:10,寒露,戌
1937,11,8,03:55,立冬,亥
1937,12,7,20:26,大雪,子
1938,1,6,07:31,小寒,丑
1938,2,4,19:14,立春,寅
1938,3,6,13:33,惊蛰,卯
1938,4,5,18:48,清明,辰
1938,5,6,12:35,立夏,巳
1938,6,6,17:06,芒种,午
1938,7,8,03:31,小暑,未
1938,8,8,13:12,立秋,申
1938,9,8,15:48,白露,酉
1938,10,9,07:01,寒露,戌
1938,11,8,09:48,立冬,亥
1938,12,8,02:21,大雪,子
1939,1,6,13:27,小寒,丑
1939,2,5,01:10,立春,寅
1939,3,6,19:26,惊蛰,卯
1939,4,6,00:37,清明,辰
1939,5,6,18:21,立夏,巳
1939,6,6,22:51,芒种,午
1939,7,8,09:18,小暑,未
1939,8,8,19:03,立秋,申
1939,9,8,21:42,白露,酉
1939,10,9,12:56,寒露,戌
1939,11,8,15:43,立冬,亥
1939,12,8,08:17,大雪,子
1940,1,6,19:23,小寒,丑
1940,2,5,07:07,立春,寅
1940,3,6,01:23,惊蛰,卯
1940,4,5,06:34,清明,辰
1940,5,6,00:16,立夏,巳
1940,6,6,04:44,芒种,午
1940,7,7,15:08,小暑,未
1940,8,8,00:51,立秋,申
1940,9,8,03:29,白露,酉
1940,10,8,18:42,寒露,戌
1940,11,7,21:26,立冬,亥
1940,12,7,13:57,大雪,子
1941,1,6,01:03,小寒,丑
1941,2,4,12:49,立春,寅
1941,3,6,07:10,惊蛰,卯
1941,4,5,12:24,清明,辰
1941,5,6,06:09,立夏,巳
1941,6,6,10:39,芒种,午
1941,7,7,21:03,小暑,未
1941,8,8,06:45,立秋,申
1941,9,8,09:23,白露,酉
1941,10,9,00:38,寒露,戌
1941,11,8,03:24,立冬,亥
1941,12,7,19:55,大雪,子
1942,1,6,07:02,小寒,丑
1942,2,4,18:48,立春,寅
1942,3,6,13:09,惊蛰,卯
1942,4,5,18:23,清明,辰
1942,5,6,12:06,立夏,巳
1942,6,6,16:32,芒种,午
1942,7,8,02:51,小暑,未
1942,8,8,12:30,立秋,申
1942,9,8,15:06,白露,酉
1942,10,9,06:21,寒露,戌
1942,11,8,09:11,立冬,亥
1942,12,8,01:46,大雪,子
1943,1,6,12:54,小寒,丑
1943,2,5,00:40,立春,寅
1943,3,6,18:58,惊蛰,卯
1943,4,6,00:11,清明,辰
1943,5,6,17:53,立夏,巳
1943,6,6,22:18,芒种,午
1943,7,8,08:38,小暑,未
1943,8,8,18:18,立秋,申
1943,9,8,20:55,白露,酉
1943,10,9,12:10,寒露,戌
1943,11,8,14:58,立冬,亥
1943,12,8,07:32,大雪,子
1944,1,6,18:39,小寒,丑
1944,2,5,06:22,立春,寅
1944,3,6,00:40,惊蛰,卯
1944,4,5,05:53,清明,辰
1944,5,5,23:39,立夏,巳
1944,6,6,04:10,芒种,午
1944,7,7,14:36,小暑,未
1944,8,8,00:18,立秋,申
1944,9,8,02:55,白露,酉
1944,10,8,18:08,寒露,戌
1944,11,7,20:54,立冬,亥
1944,12,7,13:27,大雪,子
1945,1,6,00:34,小寒,丑
1945,2,4,12:19,立春,寅
1945,3,6,06:37,惊蛰,卯
1945,4,5,11:51,清明,辰
1945,5,6,05:36,立夏,巳
1945,6,6,10:05,芒种,午
1945,7,7,20:26,小暑,未
1945,8,8,06:05,立秋,申
1945,9,8,08:38,白露,酉
1945,10,8,23:49,寒露,戌
1945,11,8,02:34,立冬,亥
1945,12,7,19:07,大雪,子
1946,1,6,06:16,小寒,丑
1946,2,4,18:03,立春,寅
1946,3,6,12:24,惊蛰,卯
1946,4,5,17:38,清明,辰
1946,5,6,11:21,立夏,巳
1946,6,6,15:48,芒种,午
1946,7,8,02:10,小暑,未
1946,8,8,11:51,立秋,申
1946,9,8,14:27,白露,酉
1946,10,9,05:40,寒露,戌
1946,11,8,08:27,立冬,亥
1946,12,8,01:00,大雪,子
1947,1,6,12:06,小寒,丑
1947,2,4,23:50,立春,寅
1947,3,6,18:07,惊蛰,卯
1947,4,5,23:20,清明,辰
1947,5,6,17:02,立夏,巳
1947,6,6,21:31,芒种,午
1947,7,8,07:55,小暑,未
1947,8,8,17:40,立秋,申
1947,9,8,20:21,白露,酉
1947,10,9,11:37,寒露,戌
1947,11,8,14:24,立冬,亥
1947,12,8,06:56,大雪,子
1948,1,6,18:00,小寒,丑
1948,2,5,05:42,立春,寅
1948,3,5,23:57,惊蛰,卯
1948,4,5,05:09,清明,辰
1948,5,5,22:52,立夏,巳
1948,6,6,03:20,芒种,午
1948,7,7,13:43,小暑,未
1948,8,7,23:26,立秋,申
1948,9,8,02:04,白露,酉
1948,10,8,17:20,寒露,戌
1948,11,7,20:06,立冬,亥
1948,12,7,12:37,大雪,子
1949,1,5,23:41,小寒,丑
1949,2,4,11:22,立春,寅
1949,3,6,05:39,惊蛰,卯
1949,4,5,10:51,清明,辰
1949,5,6,04:36,立夏,巳
1949,6,6,09:06,芒种,午
1949,7,7,19:31,小暑,未
1949,8,8,05:14,立秋,申
1949,9,8,07:54,白露,酉
1949,10,8,23:11,寒露,戌
1949,11,8,01:59,立冬,亥
1949,12,7,18:33,大雪,子
1950,1,6,05:38,小寒,丑
1950,2,4,17:20,立春,寅
1950,3,6,11:35,惊蛰,卯
1950,4,5,16:44,清明,辰
1950,5,6,10:24,立夏,巳
1950,6,6,14:51,芒种,午
1950,7,8,01:13,小暑,未
1950,8,8,10:55,立秋,申
1950,9,8,13:33,白露,酉
1950,10,9,04:51,寒露,戌
1950,11,8,07:43,立冬,亥
1950,12,8,00:21,大雪,子
1951,1,6,11:30,小寒,丑
1951,2,4,23:13,立春,寅
1951,3,6,17:26,惊蛰,卯
1951,4,5,22:32,清明,辰
1951,5,6,16:09,立夏,巳
1951,6,6,20:32,芒种,午
1951,7,8,06:53,小暑,未
1951,8,8,16:37,立秋,申
1951,9,8,19:18,白露,酉
1951,10,9,10:36,寒露,戌
1951,11,8,13:26,立冬,亥
1951,12,8,06:02,大雪,子
1952,1,6,17:09,小寒,丑
1952,2,5,04:52,立春,寅
1952,3,5,23:07,惊蛰,卯
1952,4,5,04:15,清明,辰
1952,5,5,21:54,立夏,巳
1952,6,6,02:20,芒种,午
1952,7,7,12:44,小暑,未
1952,8,7,22:30,立秋,申
1952,9,8,01:13,白露,酉
1952,10,8,16:32,寒露,戌
1952,11,7,19:21,立冬,亥
1952,12,7,11:55,大雪,子
1953,1,5,23:02,小寒,丑
1953,2,4,10:45,立春,寅
1953,3,6,05:02,惊蛰,卯
1953,4,5,10:12,清明,辰
1953,5,6,03:52,立夏,巳
1953,6,6,08:16,芒种,午
1953,7,7,18:34,小暑,未
1953,8,8,04:14,立秋,申
1953,9,8,06:52,白露,酉
1953,10,8,22:10,寒露,戌
1953,11,8,01:00,立冬,亥
1953,12,7,17:36,大雪,子
1954,1,6,04:45,小寒,丑
1954,2,4,16:30,立春,寅
1954,3,6,10:48,惊蛰,卯
1954,4,5,15:59,清明,辰
1954,5,6,09:38,立夏,巳
1954,6,6,14:00,芒种,午
1954,7,8,00:19,小暑,未
1954,8,8,09:59,立秋,申
1954,9,8,12:37,白露,酉
1954,10,9,03:57,寒露,戌
1954,11,8,06:50,立冬,亥
1954,12,7,23:28,大雪,子
1955,1,6,10:35,小寒,丑
1955,2,4,22:17,立春,寅
1955,3,6,16:30,惊蛰,卯
1955,4,5,21:38,清明,辰
1955,5,6,15:17,立夏,巳
1955,6,6,19:43,芒种,午
1955,7,8,06:05,小暑,未
1955,8,8,15:50,立秋,申
1955,9,8,18:31,白露,酉
1955,10,9,09:52,寒露,戌
1955,11,8,12:45,立冬,亥
1955,12,8,05:22,大雪,子
1956,1,6,16:30,小寒,丑
1956,2,5,04:11,立春,寅
1956,3,5,22:24,惊蛰,卯
1956,4,5,03:31,清明,辰
1956,5,5,21:09,立夏,巳
1956,6,6,01:35,芒种,午
1956,7,7,11:57,小暑,未
1956,8,7,21:40,立秋,申
1956,9,8,00:18,白露,酉
1956,10,8,15:35,寒露,戌
1956,11,7,18:25,立冬,亥
1956,12,7,11:02,大雪,子
1957,1,5,22:10,小寒,丑
1957,2,4,09:54,立春,寅
1957,3,6,04:10,惊蛰,卯
1957,4,5,09:18,清明,辰
1957,5,6,02:58,立夏,巳
1957,6,6,07:24,芒种,午
1957,7,7,17:48,小暑,未
1957,8,8,03:32,立秋,申
1957,9,8,06:12,白露,酉
1957,10,8,21:29,寒露,戌
1957,11,8,00:20,立冬,亥
1957,12,7,16:55,大雪,子
1958,1,6,04:04,小寒,丑
1958,2,4,15:49,立春,寅
1958,3,6,10:04,惊蛰,卯
1958,4,5,15:12,清明,辰
1958,5,6,08:49,立夏,巳
1958,6,6,13:12,芒种,午
1958,7,7,23:33,小暑,未
1958,8,8,09:17,立秋,申
1958,9,8,11:58,白露,酉
1958,10,9,03:19,寒露,戌
1958,11,8,06:11,立冬,亥
1958,12,7,22:49,大雪,子
1959,1,6,09:58,小寒,丑
1959,2,4,21:42,立春,寅
1959,3,6,15:56,惊蛰,卯
1959,4,5,21:03,清明,辰
1959,5,6,14:38,立夏,巳
1959,6,6,19:00,芒种,午
1959,7,8,05:19,小暑,未
1959,8,8,15:04,立秋,申
1959,9,8,17:47,白露,酉
1959,10,9,09:09,寒露,戌
1959,11,8,12:02,立冬,亥
1959,12,8,04:37,大雪,子
1960,1,6,15:42,小寒,丑
1960,2,5,03:23,立春,寅
1960,3,5,21:36,惊蛰,卯
1960,4,5,02:43,清明,辰
1960,5,5,20:22,立夏,巳
1960,6,6,00:48,芒种,午
1960,7,7,11:12,小暑,未
1960,8,7,20:59,立秋,申
1960,9,7,23:45,白露,酉
1960,10,8,15:08,寒露,戌
1960,11,7,18:02,立冬,亥
1960,12,7,10:37,大雪,子
1961,1,5,21:42,小寒,丑
1961,2,4,09:22,立春,寅
1961,3,6,03:34,惊蛰,卯
1961,4,5,08:42,清明,辰
1961,5,6,02:21,立夏,巳
1961,6,6,06:46,芒种,午
1961,7,7,17:06,小暑,未
1961,8,8,02:48,立秋,申
1961,9,8,05:29,白露,酉
1961,10,8,20:50,寒露,戌
1961,11,7,23:46,立冬,亥
1961,12,7,16:25,大雪,子
1962,1,6,03:34,小寒,丑
1962,2,4,15:17,立春,寅
1962,3,6,09:29,惊蛰,卯
1962,4,5,14:34,清明,辰
1962,5,6,08:09,立夏,巳
1962,6,6,12:31,芒种,午
1962,7,7,22:51,小暑,未
1962,8,8,08:33,立秋,申
1962,9,8,11:15,白露,酉
1962,10,9,02:37,寒露,戌
1962,11,8,05:34,立冬,亥
1962,12,7,22:16,大雪,子
1963,1,6,09:26,小寒,丑
1963,2,4,21:07,立春,寅
1963,3,6,15:17,惊蛰,卯
1963,4,5,20:18,清明,辰
1963,5,6,13:51,立夏,巳
1963,6,6,18:14,芒种,午
1963,7,8,04:37,小暑,未
1963,8,8,14:25,立秋,申
1963,9,8,17:11,白露,酉
1963,10,9,08:36,寒露,戌
1963,11,8,11:32,立冬,亥
1963,12,8,04:12,大雪,子
1964,1,6,15:22,小寒,丑
1964,2,5,03:04,立春,寅
1964,3,5,21:15,惊蛰,卯
1964,4,5,02:18,清明,辰
1964,5,5,19:51,立夏,巳
1964,6,6,00:11,芒种,午
1964,7,7,10:32,小暑,未
1964,8,7,20:16,立秋,申
1964,9,7,22:59,白露,酉
1964,10,8,14:21,寒露,戌
1964,11,7,17:15,立冬,亥
1964,12,7,09:53,大雪,子
1965,1,5,21:01,小寒,丑
1965,2,4,08:46,立春,寅
1965,3,6,03:00,惊蛰,卯
1965,4,5,08:06,清明,辰
1965,5,6,01:41,立夏,巳
1965,6,6,06:02,芒种,午
1965,7,7,16:21,小暑,未
1965,8,8,02:04,立秋,申
1965,9,8,04:47,白露,酉
1965,10,8,20:11,寒露,戌
1965,11,7,23:06,立冬,亥
1965,12,7,15:45,大雪,子
1966,1,6,02:54,小寒,丑
1966,2,4,14:37,立春,寅
1966,3,6,08:51,惊蛰,卯
1966,4,5,13:56,清明,辰
1966,5,6,07:30,立夏,巳
1966,6,6,11:49,芒种,午
1966,7,7,22:06,小暑,未
1966,8,8,07:48,立秋,申
1966,9,8,10:32,白露,酉
1966,10,9,01:56,寒露,戌
1966,11,8,04:55,立冬,亥
1966,12,7,21:37,大雪,子
1967,1,6,08:48,小寒,丑
1967,2,4,20:30,立春,寅
1967,3,6,14:41,惊蛰,卯
1967,4,5,19:44,清明,辰
1967,5,6,13:17,立夏,巳
1967,6,6,17:36,芒种,午
1967,7,8,03:53,小暑,未
1967,8,8,13:34,立秋,申
1967,9,8,16:17,白露,酉
1967,10,9,07:41,寒露,戌
1967,11,8,10:37,立冬,亥
1967,12,8,03:17,大雪,子
1968,1,6,14:26,小寒,丑
1968,2,5,02:07,立春,寅
1968,3,5,20:17,惊蛰,卯
1968,4,5,01:20,清明,辰
1968,5,5,18:55,立夏,巳
1968,6,5,23:19,芒种,午
1968,7,7,09:41,小暑,未
1968,8,7,19:27,立秋,申
1968,9,7,22:11,白露,酉
1968,10,8,13:34,寒露,戌
1968,11,7,16:29,立冬,亥
1968,12,7,09:08,大雪,子
1969,1,5,20:16,小寒,丑
1969,2,4,07:58,立春,寅
1969,3,6,02:10,惊蛰,卯
1969,4,5,07:14,清明,辰
1969,5,6,00:49,立夏,巳
1969,6,6,05:11,芒种,午
1969,7,7,15:31,小暑,未
1969,8,8,01:14,立秋,申
1969,9,8,03:55,白露,酉
1969,10,8,19:16,寒露,戌
1969,11,7,22:11,立冬,亥
1969,12,7,14:51,大雪,子
1970,1,6,02:01,小寒,丑
1970,2,4,13:45,立春,寅
1970,3,6,07:58,惊蛰,卯
1970,4,5,13:01,清明,辰
1970,5,6,06:33,立夏,巳
1970,6,6,10:52,芒种,午
1970,7,7,21:10,小暑,未
1970,8,8,06:54,立秋,申
1970,9,8,09:37,白露,酉
1970,10,9,01:01,寒露,戌
1970,11,8,03:57,立冬,亥
1970,12,7,20:37,大雪,子
1971,1,6,07:45,小寒,丑
1971,2,4,19:25,立春,寅
1971,3,6,13:34,惊蛰,卯
1971,4,5,18:36,清明,辰
1971,5,6,12:08,立夏,巳
1971,6,6,16:28,芒种,午
1971,7,8,02:51,小暑,未
1971,8,8,12:40,立秋,申
1971,9,8,15:30,白露,酉
1971,10,9,06:58,寒露,戌
1971,11,8,09:56,立冬,亥
1971,12,8,02:35,大雪,子
1972,1,6,13:41,小寒,丑
1972,2,5,01:20,立春,寅
1972,3,5,19:28,惊蛰,卯
1972,4,5,00:28,清明,辰
1972,5,5,18:01,立夏,巳
1972,6,5,22:21,芒种,午
1972,7,7,08:42,小暑,未
1972,8,7,18:28,立秋,申
1972,9,7,21:15,白露,酉
1972,10,8,12:41,寒露,戌
1972,11,7,15:39,立冬,亥
1972,12,7,08:18,大雪,子
1973,1,5,19:25,小寒,丑
1973,2,4,07:04,立春,寅
1973,3,6,01:12,惊蛰,卯
1973,4,5,06:13,清明,辰
1973,5,5,23:46,立夏,巳
1973,6,6,04:06,芒种,午
1973,7,7,14:27,小暑,未
1973,8,8,00:12,立秋,申
1973,9,8,02:59,白露,酉
1973,10,8,18:27,寒露,戌
1973,11,7,21:27,立冬,亥
1973,12,7,14:10,大雪,子
1974,1,6,01:19,小寒,丑
1974,2,4,13:00,立春,寅
1974,3,6,07:07,惊蛰,卯
1974,4,5,12:05,清明,辰
1974,5,6,05:33,立夏,巳
1974,6,6,09:51,芒种,午
1974,7,7,20:11,小暑,未
1974,8,8,05:57,立秋,申
1974,9,8,08:45,白露,酉
1974,10,9,00:14,寒露,戌
1974,11,8,03:17,立冬,亥
1974,12,7,20:04,大雪,子
1975,1,6,07:17,小寒,丑
1975,2,4,18:59,立春,寅
1975,3,6,13:05,惊蛰,卯
1975,4,5,18:01,清明,辰
1975,5,6,11:27,立夏,巳
1975,6,6,15:42,芒种,午
1975,7,8,01:59,小暑,未
1975,8,8,11:44,立秋,申
1975,9,8,14:33,白露,酉
1975,10,9,06:02,寒露,戌
1975,11,8,09:02,立冬,亥
1975,12,8,01:46,大雪,子
1976,1,6,12:57,小寒,丑
1976,2,5,00:39,立春,寅
1976,3,5,18:48,惊蛰,卯
1976,4,4,23:46,清明,辰
1976,5,5,17:14,立夏,巳
1976,6,5,21:31,芒种,午
1976,7,7,07:50,小暑,未
1976,8,7,17:38,立秋,申
1976,9,7,20:28,白露,酉
1976,10,8,11:58,寒露,戌
1976,11,7,14:58,立冬,亥
1976,12,7,07:40,大雪,子
1977,1,5,18:51,小寒,丑
1977,2,4,06:33,立春,寅
1977,3,6,00:44,惊蛰,卯
1977,4,5,05:45,清明,辰
1977,5,5,23:16,立夏,巳
1977,6,6,03:32,芒种,午
1977,7,7,13:47,小暑,未
1977,8,7,23:30,立秋,申
1977,9,8,02:15,白露,酉
1977,10,8,17:43,寒露,戌
1977,11,7,20:45,立冬,亥
1977,12,7,13:30,大雪,子
1978,1,6,00:43,小寒,丑
1978,2,4,12:26,立春,寅
1978,3,6,06:38,惊蛰,卯
1978,4,5,11:39,清明,辰
1978,5,6,05:08,立夏,巳
1978,6,6,09:23,芒种,午
1978,7,7,19:36,小暑,未
1978,8,8,05:17,立秋,申
1978,9,8,08:02,白露,酉
1978,10,8,23:30,寒露,戌
1978,11,8,02:34,立冬,亥
1978,12,7,19:20,大雪,子
1979,1,6,06:31,小寒,丑
1979,2,4,18:12,立春,寅
1979,3,6,12:19,惊蛰,卯
1979,4,5,17:17,清明,辰
1979,5,6,10:47,立夏,巳
1979,6,6,15:05,芒种,午
1979,7,8,01:24,小暑,未
1979,8,8,11:10,立秋,申
1979,9,8,13:59,白露,酉
1979,10,9,05:30,寒露,戌
1979,11,8,08:32,立冬,亥
1979,12,8,01:17,大雪,子
1980,1,6,12:28,小寒,丑
1980,2,5,00:09,立春,寅
1980,3,5,18:16,惊蛰,卯
1980,4,4,23:14,清明,辰
1980,5,5,16:44,立夏,巳
1980,6,5,21:03,芒种,午
1980,7,7,07:23,小暑,未
1980,8,7,17:08,立秋,申
1980,9,7,19:53,白露,酉
1980,10,8,11:19,寒露,戌
1980,11,7,14:18,立冬,亥
1980,12,7,07:01,大雪,子
1981,1,5,18:12,小寒,丑
1981,2,4,05:55,立春,寅
1981,3,6,00:05,惊蛰,卯
1981,4,5,05:05,清明,辰
1981,5,5,22:34,立夏,巳
1981,6,6,02:52,芒种,午
1981,7,7,13:11,小暑,未
1981,8,7,22:57,立秋,申
1981,9,8,01:43,白露,酉
1981,10,8,17:09,寒露,戌
1981,11,7,20:08,立冬,亥
1981,12,7,12:51,大雪,子
1982,1,6,00:02,小寒,丑
1982,2,4,11:45,立春,寅
1982,3,6,05:54,惊蛰,卯
1982,4,5,10:52,清明,辰
1982,5,6,04:19,立夏,巳
1982,6,6,08:35,芒种,午
1982,7,7,18:54,小暑,未
1982,8,8,04:41,立秋,申
1982,9,8,07:31,白露,酉
1982,10,8,23:02,寒露,戌
1982,11,8,02:04,立冬,亥
1982,12,7,18:48,大雪,子
1983,1,6,05:58,小寒,丑
1983,2,4,17:39,立春,寅
1983,3,6,11:47,惊蛰,卯
1983,4,5,16:44,清明,辰
1983,5,6,10:10,立夏,巳
1983,6,6,14:25,芒种,午
1983,7,8,00:43,小暑,未
1983,8,8,10:29,立秋,申
1983,9,8,13:20,白露,酉
1983,10,9,04:51,寒露,戌
1983,11,8,07:52,立冬,亥
1983,12,8,00:33,大雪,子
1984,1,6,11:40,小寒,丑
1984,2,4,23:18,立春,寅
1984,3,5,17:24,惊蛰,卯
1984,4,4,22:22,清明,辰
1984,5,5,15:50,立夏,巳
1984,6,5,20:08,芒种,午
1984,7,7,06:29,小暑,未
1984,8,7,16:17,立秋,申
1984,9,7,19:09,白露,酉
1984,10,8,10:42,寒露,戌
1984,11,7,13:45,立冬,亥
1984,12,7,06:28,大雪,子
1985,1,5,17:35,小寒,丑
1985,2,4,05:11,立春,寅
1985,3,5,23:16,惊蛰,卯
1985,4,5,04:13,清明,辰
1985,5,5,21:42,立夏,巳
1985,6,6,01:59,芒种,午
1985,7,7,12:18,小暑,未
1985,8,7,22:04,立秋,申
1985,9,8,00:53,白露,酉
1985,10,8,16:24,寒露,戌
1985,11,7,19:29,立冬,亥
1985,12,7,12:16,大雪,子
1986,1,5,23:28,小寒,丑
1986,2,4,11:07,立春,寅
1986,3,6,05:12,惊蛰,卯
1986,4,5,10:06,清明,辰
1986,5,6,03:30,立夏,巳
1986,6,6,07:44,芒种,午
1986,7,7,18:00,小暑,未
1986,8,8,03:45,立秋,申
1986,9,8,06:34,白露,酉
1986,10,8,22:06,寒露,戌
1986,11,8,01:12,立冬,亥
1986,12,7,18:00,大雪,子
1987,1,6,05:13,小寒,丑
1987,2,4,16:51,立春,寅
1987,3,6,10:53,惊蛰,卯
1987,4,5,15:44,清明,辰
1987,5,6,09:05,立夏,巳
1987,6,6,13:18,芒种,午
1987,7,7,23:38,小暑,未
1987,8,8,09:29,立秋,申
1987,9,8,12:24,白露,酉
1987,10,9,03:59,寒露,戌
1987,11,8,07:05,立冬,亥
1987,12,7,23:52,大雪,子
1988,1,6,11:03,小寒,丑
1988,2,4,22:42,立春,寅
1988,3,5,16:46,惊蛰,卯
1988,4,4,21:39,清明,辰
1988,5,5,15:01,立夏,巳
1988,6,5,19:14,芒种,午
1988,7,7,05:32,小暑,未
1988,8,7,15:20,立秋,申
1988,9,7,18:11,白露,酉
1988,10,8,09:44,寒露,戌
1988,11,7,12:48,立冬,亥
1988,12,7,05:34,大雪,子
1989,1,5,16:45,小寒,丑
1989,2,4,04:27,立春,寅
1989,3,5,22:34,惊蛰,卯
1989,4,5,03:29,清明,辰
1989,5,5,20:53,立夏,巳
1989,6,6,01:05,芒种,午
1989,7,7,11:19,小暑,未
1989,8,7,21:03,立秋,申
1989,9,7,23:53,白露,酉
1989,10,8,15:27,寒露,戌
1989,11,7,18:33,立冬,亥
1989,12,7,11:20,大雪,子
1990,1,5,22:33,小寒,丑
1990,2,4,10:14,立春,寅
1990,3,6,04:19,惊蛰,卯
1990,4,5,09:12,清明,辰
1990,5,6,02:35,立夏,巳
1990,6,6,06:46,芒种,午
1990,7,7,17:00,小暑,未
1990,8,8,02:45,立秋,申
1990,9,8,05:37,白露,酉
1990,10,8,21:13,寒露,戌
1990,11,8,00:23,立冬,亥
1990,12,7,17:14,大雪,子
1991,1,6,04:28,小寒,丑
1991,2,4,16:08,立春,寅
1991,3,6,10:12,惊蛰,卯
1991,4,5,15:04,清明,辰
1991,5,6,08:26,立夏,巳
1991,6,6,12:38,芒种,午
1991,7,7,22:52,小暑,未
1991,8,8,08:37,立秋,申
1991,9,8,11:27,白露,酉
1991,10,9,03:01,寒露,戌
1991,11,8,06:07,立冬,亥
1991,12,7,22:56,大雪,子
1992,1,6,10:08,小寒,丑
1992,2,4,21:48,立春,寅
1992,3,5,15:52,惊蛰,卯
1992,4,4,20:45,清明,辰
1992,5,5,14:08,立夏,巳
1992,6,5,18:22,芒种,午
1992,7,7,04:40,小暑,未
1992,8,7,14:27,立秋,申
1992,9,7,17:18,白露,酉
1992,10,8,08:51,寒露,戌
1992,11,7,11:57,立冬,亥
1992,12,7,04:44,大雪,子
1993,1,5,15:56,小寒,丑
1993,2,4,03:37,立春,寅
1993,3,5,21:42,惊蛰,卯
1993,4,5,02:37,清明,辰
1993,5,5,20:01,立夏,巳
1993,6,6,00:15,芒种,午
1993,7,7,10:32,小暑,未
1993,8,7,20:17,立秋,申
1993,9,7,23:07,白露,酉
1993,10,8,14:40,寒露,戌
1993,11,7,17:45,立冬,亥
1993,12,7,10:33,大雪,子
1994,1,5,21:48,小寒,丑
1994,2,4,09:30,立春,寅
1994,3,6,03:37,惊蛰,卯
1994,4,5,08:31,清明,辰
1994,5,6,01:54,立夏,巳
1994,6,6,06:04,芒种,午
1994,7,7,16:19,小暑,未
1994,8,8,02:04,立秋,申
1994,9,8,04:55,白露,酉
1994,10,8,20:29,寒露,戌
1994,11,7,23:35,立冬,亥
1994,12,7,16:22,大雪,子
1995,1,6,03:34,小寒,丑
1995,2,4,15:12,立春,寅
1995,3,6,09:16,惊蛰,卯
1995,4,5,14:08,清明,辰
1995,5,6,07:30,立夏,巳
1995,6,6,11:42,芒种,午
1995,7,7,22:01,小暑,未
1995,8,8,07:51,立秋,申
1995,9,8,10:48,白露,酉
1995,10,9,02:27,寒露,戌
1995,11,8,05:35,立冬,亥
1995,12,7,22:22,大雪,子
1996,1,6,09:31,小寒,丑
1996,2,4,21:07,立春,寅
1996,3,5,15:09,惊蛰,卯
1996,4,4,20:02,清明,辰
1996,5,5,13:26,立夏,巳
1996,6,5,17:40,芒种,午
1996,7,7,04:00,小暑,未
1996,8,7,13:48,立秋,申
1996,9,7,16:42,白露,酉
1996,10,8,08:18,寒露,戌
1996,11,7,11:26,立冬,亥
1996,12,7,04:14,大雪,子
1997,1,5,15:24,小寒,丑
1997,2,4,03:01,立春,寅
1997,3,5,21:04,惊蛰,卯
1997,4,5,01:56,清明,辰
1997,5,5,19:19,立夏,巳
1997,6,5,23:32,芒种,午
1997,7,7,09:49,小暑,未
1997,8,7,19:36,立秋,申
1997,9,7,22:28,白露,酉
1997,10,8,14:05,寒露,戌
1997,11,7,17:14,立冬,亥
1997,12,7,10:04,大雪,子
1998,1,5,21:18,小寒,丑
1998,2,4,08:56,立春,寅
1998,3,6,02:57,惊蛰,卯
1998,4,5,07:44,清明,辰
1998,5,6,01:03,立夏,巳
1998,6,6,05:13,芒种,午
1998,7,7,15:30,小暑,未
1998,8,8,01:19,立秋,申
1998,9,8,04:15,白露,酉
1998,10,8,19:55,寒露,戌
1998,11,7,23:08,立冬,亥
1998,12,7,16:01,大雪,子
1999,1,6,03:17,小寒,丑
1999,2,4,14:57,立春,寅
1999,3,6,08:57,惊蛰,卯
1999,4,5,13:44,清明,辰
1999,5,6,07:01,立夏,巳
1999,6,6,11:09,芒种,午
1999,7,7,21:24,小暑,未
1999,8,8,07:14,立秋,申
1999,9,8,10:09,白露,酉
1999,10,9,01:48,寒露,戌
1999,11,8,04:57,立冬,亥
1999,12,7,21:47,大雪,子
2000,1,6,09:00,小寒,丑
2000,2,4,20:40,立春,寅
2000,3,5,14:42,惊蛰,卯
2000,4,4,19:31,清明,辰
2000,5,5,12:50,立夏,巳
2000,6,5,16:58,芒种,午
2000,7,7,03:13,小暑,未
2000,8,7,13:02,立秋,申
2000,9,7,15:59,白露,酉
2000,10,8,07:38,寒露,戌
2000,11,7,10:48,立冬,亥
2000,12,7,03:37,大雪,子
2001,1,5,14:49,小寒,丑
2001,2,4,02:28,立春,寅
2001,3,5,20:32,惊蛰,卯
2001,4,5,01:24,清明,辰
2001,5,5,18:44,立夏,巳
2001,6,5,22:53,芒种,午
2001,7,7,09:06,小暑,未
2001,8,7,18:52,立秋,申
2001,9,7,21:46,白露,酉
2001,10,8,13:25,寒露,戌
2001,11,7,16:36,立冬,亥
2001,12,7,09:28,大雪,子
2002,1,5,20:43,小寒,丑
2002,2,4,08:24,立春,寅
2002,3,6,02:27,惊蛰,卯
2002,4,5,07:18,清明,辰
2002,5,6,00:37,立夏,巳
2002,6,6,04:44,芒种,午
2002,7,7,14:56,小暑,未
2002,8,8,00:39,立秋,申
2002,9,8,03:31,白露,酉
2002,10,8,19:09,寒露,戌
2002,11,7,22:21,立冬,亥
2002,12,7,15:14,大雪,子
2003,1,6,02:27,小寒,丑
2003,2,4,14:05,立春,寅
2003,3,6,08:04,惊蛰,卯
2003,4,5,12:52,清明,辰
2003,5,6,06:10,立夏,巳
2003,6,6,10:19,芒种,午
2003,7,7,20:35,小暑,未
2003,8,8,06:24,立秋,申
2003,9,8,09:20,白露,酉
2003,10,9,01:00,寒露,戌
2003,11,8,04:13,立冬,亥
2003,12,7,21:05,大雪,子
2004,1,6,08:18,小寒,丑
2004,2,4,19:56,立春,寅
2004,3,5,13:55,惊蛰,卯
2004,4,4,18:43,清明,辰
2004,5,5,12:02,立夏,巳
2004,6,5,16:13,芒种,午
2004,7,7,02:31,小暑,未
2004,8,7,12:19,立秋,申
2004,9,7,15:12,白露,酉
2004,10,8,06:49,寒露,戌
2004,11,7,09:58,立冬,亥
2004,12,7,02:48,大雪,子
2005,1,5,14:02,小寒,丑
2005,2,4,01:43,立春,寅
2005,3,5,19:45,惊蛰,卯
2005,4,5,00:34,清明,辰
2005,5,5,17:52,立夏,巳
2005,6,5,22:01,芒种,午
2005,7,7,08:16,小暑,未
2005,8,7,18:03,立秋,申
2005,9,7,20:56,白露,酉
2005,10,8,12:33,寒露,戌
2005,11,7,15:42,立冬,亥
2005,12,7,08:32,大雪,子
2006,1,5,19:46,小寒,丑
2006,2,4,07:27,立春,寅
2006,3,6,01:28,惊蛰,卯
2006,4,5,06:15,清明,辰
2006,5,5,23:30,立夏,巳
2006,6,6,03:36,芒种,午
2006,7,7,13:51,小暑,未
2006,8,7,23:40,立秋,申
2006,9,8,02:39,白露,酉
2006,10,8,18:21,寒露,戌
2006,11,7,21:34,立冬,亥
2006,12,7,14:26,大雪,子
2007,1,6,01:40,小寒,丑
2007,2,4,13:18,立春,寅
2007,3,6,07:17,惊蛰,卯
2007,4,5,12:04,清明,辰
2007,5,6,05:20,立夏,巳
2007,6,6,09:27,芒种,午
2007,7,7,19:41,小暑,未
2007,8,8,05:31,立秋,申
2007,9,8,08:29,白露,酉
2007,10,9,00:11,寒露,戌
2007,11,8,03:24,立冬,亥
2007,12,7,20:14,大雪,子
2008,1,6,07:24,小寒,丑
2008,2,4,19:00,立春,寅
2008,3,5,12:58,惊蛰,卯
2008,4,4,17:45,清明,辰
2008,5,5,11:03,立夏,巳
2008,6,5,15:11,芒种,午
2008,7,7,01:26,小暑,未
2008,8,7,11:16,立秋,申
2008,9,7,14:14,白露,酉
2008,10,8,05:56,寒露,戌
2008,11,7,09:10,立冬,亥
2008,12,7,02:02,大雪,子
2009,1,5,13:14,小寒,丑
2009,2,4,00:49,立春,寅
2009,3,5,18:47,惊蛰,卯
2009,4,4,23:33,清明,辰
2009,5,5,16:50,立夏,巳
2009,6,5,20:59,芒种,午
2009,7,7,07:13,小暑,未
2009,8,7,17:01,立秋,申
2009,9,7,19:57,白露,酉
2009,10,8,11:40,寒露,戌
2009,11,7,14:56,立冬,亥
2009,12,7,07:52,大雪,子
2010,1,5,19:08,小寒,丑
2010,2,4,06:47,立春,寅
2010,3,6,00:46,惊蛰,卯
2010,4,5,05:30,清明,辰
2010,5,5,22:44,立夏,巳
2010,6,6,02:49,芒种,午
2010,7,7,13:02,小暑,未
2010,8,7,22:49,立秋,申
2010,9,8,01:44,白露,酉
2010,10,8,17:26,寒露,戌
2010,11,7,20:42,立冬,亥
2010,12,7,13:38,大雪,子
2011,1,6,00:54,小寒,丑
2011,2,4,12:32,立春,寅
2011,3,6,06:29,惊蛰,卯
2011,4,5,11:11,清明,辰
2011,5,6,04:23,立夏,巳
2011,6,6,08:27,芒种,午
2011,7,7,18:42,小暑,未
2011,8,8,04:33,立秋,申
2011,9,8,07:34,白露,酉
2011,10,8,23:19,寒露,戌
2011,11,8,02:34,立冬,亥
2011,12,7,19:29,大雪,子
2012,1,6,06:43,小寒,丑
2012,2,4,18:22,立春,寅
2012,3,5,12:21,惊蛰,卯
2012,4,4,17:05,清明,辰
2012,5,5,10:19,立夏,巳
2012,6,5,14:25,芒种,午
2012,7,7,00:40,小暑,未
2012,8,7,10:30,立秋,申
2012,9,7,13:29,白露,酉
2012,10,8,05:11,寒露,戌
2012,11,7,08:25,立冬,亥
2012,12,7,01:18,大雪,子
2013,1,5,12:33,小寒,丑
2013,2,4,00:13,立春,寅
2013,3,5,18:14,惊蛰,卯
2013,4,4,23:02,清明,辰
2013,5,5,16:18,立夏,巳
2013,6,5,20:23,芒种,午
2013,7,7,06:34,小暑,未
2013,8,7,16:20,立秋,申
2013,9,7,19:16,白露,酉
2013,10,8,10:58,寒露,戌
2013,11,7,14:13,立冬,亥
2013,12,7,07:08,大雪,子
2014,1,5,18:24,小寒,丑
2014,2,4,06:03,立春,寅
2014,3,6,00:02,惊蛰,卯
2014,4,5,04:46,清明,辰
2014,5,5,21:59,立夏,巳
2014,6,6,02:03,芒种,午
2014,7,7,12:14,小暑,未
2014,8,7,22:02,立秋,申
2014,9,8,01:01,白露,酉
2014,10,8,16:47,寒露,戌
2014,11,7,20:06,立冬,亥
2014,12,7,13:04,大雪,子
2015,1,6,00:20,小寒,丑
2015,2,4,11:58,立春,寅
2015,3,6,05:55,惊蛰,卯
2015,4,5,10:39,清明,辰
2015,5,6,03:52,立夏,巳
2015,6,6,07:58,芒种,午
2015,7,7,18:12,小暑,未
2015,8,8,04:01,立秋,申
2015,9,8,06:59,白露,酉
2015,10,8,22:42,寒露,戌
2015,11,8,01:58,立冬,亥
2015,12,7,18:53,大雪,子
2016,1,6,06:08,小寒,丑
2016,2,4,17:46,立春,寅
2016,3,5,11:43,惊蛰,卯
2016,4,4,16:27,清明,辰
2016,5,5,09:41,立夏,巳
2016,6,5,13:48,芒种,午
2016,7,7,00:03,小暑,未
2016,8,7,09:53,立秋,申
2016,9,7,12:51,白露,酉
2016,10,8,04:33,寒露,戌
2016,11,7,07:47,立冬,亥
2016,12,7,00:41,大雪,子
2017,1,5,11:55,小寒,丑
2017,2,3,23:34,立春,寅
2017,3,5,17:32,惊蛰,卯
2017,4,4,22:17,清明,辰
2017,5,5,15:31,立夏,巳
2017,6,5,19:36,芒种,午
2017,7,7,05:50,小暑,未
2017,8,7,15:40,立秋,申
2017,9,7,18:38,白露,酉
2017,10,8,10:22,寒露,戌
2017,11,7,13:37,立冬,亥
2017,12,7,06:32,大雪,子
2018,1,5,17:48,小寒,丑
2018,2,4,05:28,立春,寅
2018,3,5,23:28,惊蛰,卯
2018,4,5,04:12,清明,辰
2018,5,5,21:25,立夏,巳
2018,6,6,01:29,芒种,午
2018,7,7,11:41,小暑,未
2018,8,7,21:30,立秋,申
2018,9,8,00:29,白露,酉
2018,10,8,16:14,寒露,戌
2018,11,7,19:31,立冬,亥
2018,12,7,12:25,大雪,子
2019,1,5,23:38,小寒,丑
2019,2,4,11:14,立春,寅
2019,3,6,05:09,惊蛰,卯
2019,4,5,09:51,清明,辰
2019,5,6,03:02,立夏,巳
2019,6,6,07:06,芒种,午
2019,7,7,17:20,小暑,未
2019,8,8,03:13,立秋,申
2019,9,8,06:16,白露,酉
2019,10,8,22:05,寒露,戌
2019,11,8,01:24,立冬,亥
2019,12,7,18:18,大雪,子
2020,1,6,05:30,小寒,丑
2020,2,4,17:03,立春,寅
2020,3,5,10:56,惊蛰,卯
2020,4,4,15:38,清明,辰
2020,5,5,08:51,立夏,巳
2020,6,5,12:58,芒种,午
2020,7,6,23:14,小暑,未
2020,8,7,09:06,立秋,申
2020,9,7,12:08,白露,酉
2020,10,8,03:55,寒露,戌
2020,11,7,07:13,立冬,亥
2020,12,7,00:09,大雪,子
2021,1,5,11:23,小寒,丑
2021,2,3,22:58,立春,寅
2021,3,5,16:53,惊蛰,卯
2021,4,4,21:35,清明,辰
2021,5,5,14:47,立夏,巳
2021,6,5,18:52,芒种,午
2021,7,7,05:05,小暑,未
2021,8,7,14:53,立秋,申
2021,9,7,17:52,白露,酉
2021,10,8,09:39,寒露,戌
2021,11,7,12:58,立冬,亥
2021,12,7,05:57,大雪,子
2022,1,5,17:14,小寒,丑
2022,2,4,04:50,立春,寅
2022,3,5,22:43,惊蛰,卯
2022,4,5,03:20,清明,辰
2022,5,5,20:25,立夏,巳
2022,6,6,00:25,芒种,午
2022,7,7,10:38,小暑,未
2022,8,7,20:29,立秋,申
2022,9,7,23:32,白露,酉
2022,10,8,15:22,寒露,戌
2022,11,7,18:45,立冬,亥
2022,12,7,11:46,大雪,子
2023,1,5,23:04,小寒,丑
2023,2,4,10:42,立春,寅
2023,3,6,04:36,惊蛰,卯
2023,4,5,09:13,清明,辰
2023,5,6,02:18,立夏,巳
2023,6,6,06:18,芒种,午
2023,7,7,16:30,小暑,未
2023,8,8,02:22,立秋,申
2023,9,8,05:26,白露,酉
2023,10,8,21:15,寒露,戌
2023,11,8,00:35,立冬,亥
2023,12,7,17:32,大雪,子
2024,1,6,04:49,小寒,丑
2024,2,4,16:27,立春,寅
2024,3,5,10:22,惊蛰,卯
2024,4,4,15:02,清明,辰
2024,5,5,08:10,立夏,巳
2024,6,5,12:09,芒种,午
2024,7,6,22:20,小暑,未
2024,8,7,08:09,立秋,申
2024,9,7,11:11,白露,酉
2024,10,8,02:59,寒露,戌
2024,11,7,06:20,立冬,亥
2024,12,6,23:17,大雪,子
2025,1,5,10:32,小寒,丑
2025,2,3,22:10,立春,寅
2025,3,5,16:07,惊蛰,卯
2025,4,4,20:48,清明,辰
2025,5,5,13:57,立夏,巳
2025,6,5,17:56,芒种,午
2025,7,7,04:04,小暑,未
2025,8,7,13:51,立秋,申
2025,9,7,16:51,白露,酉
2025,10,8,08:41,寒露,戌
2025,11,7,12:04,立冬,亥
2025,12,7,05:04,大雪,子
2026,1,5,16:23,小寒,丑
2026,2,4,04:02,立春,寅
2026,3,5,21:59,惊蛰,卯
2026,4,5,02:40,清明,辰
2026,5,5,19:48,立夏,巳
2026,6,5,23:48,芒种,午
2026,7,7,09:56,小暑,未
2026,8,7,19:42,立秋,申
2026,9,7,22:41,白露,酉
2026,10,8,14:29,寒露,戌
2026,11,7,17:52,立冬,亥
2026,12,7,10:52,大雪,子
2027,1,5,22:09,小寒,丑
2027,2,4,09:46,立春,寅
2027,3,6,03:39,惊蛰,卯
2027,4,5,08:17,清明,辰
2027,5,6,01:25,立夏,巳
2027,6,6,05:25,芒种,午
2027,7,7,15:37,小暑,未
2027,8,8,01:26,立秋,申
2027,9,8,04:28,白露,酉
2027,10,8,20:17,寒露,戌
2027,11,7,23:38,立冬,亥
2027,12,7,16:37,大雪,子
2028,1,6,03:54,小寒,丑
2028,2,4,15:31,立春,寅
2028,3,5,09:24,惊蛰,卯
2028,4,4,14:03,清明,辰
2028,5,5,07:12,立夏,巳
2028,6,5,11:16,芒种,午
2028,7,6,21:30,小暑,未
2028,8,7,07:21,立秋,申
2028,9,7,10:22,白露,酉
2028,10,8,02:08,寒露,戌
2028,11,7,05:27,立冬,亥
2028,12,6,22:24,大雪,子
2029,1,5,09:41,小寒,丑
2029,2,3,21:20,立春,寅
2029,3,5,15:17,惊蛰,卯
2029,4,4,19:58,清明,辰
2029,5,5,13:07,立夏,巳
2029,6,5,17:09,芒种,午
2029,7,7,03:22,小暑,未
2029,8,7,13:11,立秋,申
2029,9,7,16:11,白露,酉
2029,10,8,07:58,寒露,戌
2029,11,7,11:16,立冬,亥
2029,12,7,04:13,大雪,子
2030,1,5,15:30,小寒,丑
2030,2,4,03:08,立春,寅
2030,3,5,21:03,惊蛰,卯
2030,4,5,01:41,清明,辰
2030,5,5,18:46,立夏,巳
2030,6,5,22:44,芒种,午
2030,7,7,08:55,小暑,未
2030,8,7,18:47,立秋,申
2030,9,7,21:52,白露,酉
2030,10,8,13:45,寒露,戌
2030,11,7,17:08,立冬,亥
2030,12,7,10:07,大雪,子
2031,1,5,21:23,小寒,丑
2031,2,4,08:58,立春,寅
2031,3,6,02:51,惊蛰,卯
2031,4,5,07:28,清明,辰
2031,5,6,00:35,立夏,巳
2031,6,6,04:35,芒种,午
2031,7,7,14:48,小暑,未
2031,8,8,00:42,立秋,申
2031,9,8,03:50,白露,酉
2031,10,8,19:42,寒露,戌
2031,11,7,23:05,立冬,亥
2031,12,7,16:02,大雪,子
2032,1,6,03:16,小寒,丑
2032,2,4,14:48,立春,寅
2032,3,5,08:40,惊蛰,卯
2032,4,4,13:17,清明,辰
2032,5,5,06:25,立夏,巳
2032,6,5,10:27,芒种,午
2032,7,6,20:40,小暑,未
2032,8,7,06:32,立秋,申
2032,9,7,09:37,白露,酉
2032,10,8,01:30,寒露,戌
2032,11,7,04:54,立冬,亥
2032,12,6,21:53,大雪,子
2033,1,5,09:08,小寒,丑
2033,2,3,20:41,立春,寅
2033,3,5,14:32,惊蛰,卯
2033,4,4,19:08,清明,辰
2033,5,5,12:13,立夏,巳
2033,6,5,16:13,芒种,午
2033,7,7,02:24,小暑,未
2033,8,7,12:15,立秋,申
2033,9,7,15:20,白露,酉
2033,10,8,07:13,寒露,戌
2033,11,7,10:41,立冬,亥
2033,12,7,03:44,大雪,子
2034,1,5,15:04,小寒,丑
2034,2,4,02:41,立春,寅
2034,3,5,20:32,惊蛰,卯
2034,4,5,01:06,清明,辰
2034,5,5,18:09,立夏,巳
2034,6,5,22:06,芒种,午
2034,7,7,08:17,小暑,未
2034,8,7,18:09,立秋,申
2034,9,7,21:13,白露,酉
2034,10,8,13:07,寒露,戌
2034,11,7,16:33,立冬,亥
2034,12,7,09:36,大雪,子
2035,1,5,20:55,小寒,丑
2035,2,4,08:31,立春,寅
2035,3,6,02:21,惊蛰,卯
2035,4,5,06:53,清明,辰
2035,5,5,23:54,立夏,巳
2035,6,6,03:50,芒种,午
2035,7,7,14:01,小暑,未
2035,8,7,23:54,立秋,申
2035,9,8,03:02,白露,酉
2035,10,8,18:57,寒露,戌
2035,11,7,22:23,立冬,亥
2035,12,7,15:25,大雪,子
2036,1,6,02:43,小寒,丑
2036,2,4,14:19,立春,寅
2036,3,5,08:11,惊蛰,卯
2036,4,4,12:46,清明,辰
2036,5,5,05:49,立夏,巳
2036,6,5,09:47,芒种,午
2036,7,6,19:57,小暑,未
2036,8,7,05:48,立秋,申
2036,9,7,08:55,白露,酉
2036,10,8,00:49,寒露,戌
2036,11,7,04:14,立冬,亥
2036,12,6,21:16,大雪,子
2037,1,5,08:34,小寒,丑
2037,2,3,20:11,立春,寅
2037,3,5,14:06,惊蛰,卯
2037,4,4,18:44,清明,辰
2037,5,5,11:49,立夏,巳
2037,6,5,15:46,芒种,午
2037,7,7,01:55,小暑,未
2037,8,7,11:43,立秋,申
2037,9,7,14:45,白露,酉
2037,10,8,06:37,寒露,戌
2037,11,7,10:04,立冬,亥
2037,12,7,03:07,大雪,子
2038,1,5,14:26,小寒,丑
2038,2,4,02:03,立春,寅
2038,3,5,19:55,惊蛰,卯
2038,4,5,00:29,清明,辰
2038,5,5,17:31,立夏,巳
2038,6,5,21:25,芒种,午
2038,7,7,07:32,小暑,未
2038,8,7,17:21,立秋,申
2038,9,7,20:26,白露,酉
2038,10,8,12:21,寒露,戌
2038,11,7,15:50,立冬,亥
2038,12,7,08:56,大雪,子
2039,1,5,20:16,小寒,丑
2039,2,4,07:52,立春,寅
2039,3,6,01:43,惊蛰,卯
2039,4,5,06:15,清明,辰
2039,5,5,23:18,立夏,巳
2039,6,6,03:15,芒种,午
2039,7,7,13:26,小暑,未
2039,8,7,23:18,立秋,申
2039,9,8,02:24,白露,酉
2039,10,8,18:17,寒露,戌
2039,11,7,21:42,立冬,亥
2039,12,7,14:45,大雪,子
2040,1,6,02:03,小寒,丑
2040,2,4,13:39,立春,寅
2040,3,5,07:31,惊蛰,卯
2040,4,4,12:05,清明,辰
2040,5,5,05:09,立夏,巳
2040,6,5,09:08,芒种,午
2040,7,6,19:19,小暑,未
2040,8,7,05:10,立秋,申
2040,9,7,08:14,白露,酉
2040,10,8,00:05,寒露,戌
2040,11,7,03:29,立冬,亥
2040,12,6,20:30,大雪,子
2041,1,5,07:48,小寒,丑
2041,2,3,19:25,立春,寅
2041,3,5,13:17,惊蛰,卯
2041,4,4,17:52,清明,辰
2041,5,5,10:54,立夏,巳
2041,6,5,14:49,芒种,午
2041,7,7,00:58,小暑,未
2041,8,7,10:48,立秋,申
2041,9,7,13:53,白露,酉
2041,10,8,05:47,寒露,戌
2041,11,7,09:13,立冬,亥
2041,12,7,02:15,大雪,子
2042,1,5,13:35,小寒,丑
2042,2,4,01:12,立春,寅
2042,3,5,19:05,惊蛰,卯
2042,4,4,23:40,清明,辰
2042,5,5,16:42,立夏,巳
2042,6,5,20:38,芒种,午
2042,7,7,06:47,小暑,未
2042,8,7,16:38,立秋,申
2042,9,7,19:45,白露,酉
2042,10,8,11:40,寒露,戌
2042,11,7,15:07,立冬,亥
2042,12,7,08:09,大雪,子
2043,1,5,19:25,小寒,丑
2043,2,4,06:58,立春,寅
2043,3,6,00:47,惊蛰,卯
2043,4,5,05:20,清明,辰
2043,5,5,22:22,立夏,巳
2043,6,6,02:18,芒种,午
2043,7,7,12:27,小暑,未
2043,8,7,22:20,立秋,申
2043,9,8,01:30,白露,酉
2043,10,8,17:27,寒露,戌
2043,11,7,20:55,立冬,亥
2043,12,7,13:57,大雪,子
2044,1,6,01:12,小寒,丑
2044,2,4,12:44,立春,寅
2044,3,5,06:31,惊蛰,卯
2044,4,4,11:03,清明,辰
2044,5,5,04:05,立夏,巳
2044,6,5,08:04,芒种,午
2044,7,6,18:15,小暑,未
2044,8,7,04:08,立秋,申
2044,9,7,07:16,白露,酉
2044,10,7,23:13,寒露,戌
2044,11,7,02:42,立冬,亥
2044,12,6,19:45,大雪,子
2045,1,5,07:02,小寒,丑
2045,2,3,18:36,立春,寅
2045,3,5,12:25,惊蛰,卯
2045,4,4,16:57,清明,辰
2045,5,5,09:59,立夏,巳
2045,6,5,13:57,芒种,午
2045,7,7,00:08,小暑,未
2045,8,7,09:59,立秋,申
2045,9,7,13:05,白露,酉
2045,10,8,05:00,寒露,戌
2045,11,7,08:29,立冬,亥
2045,12,7,01:35,大雪,子
2046,1,5,12:56,小寒,丑
2046,2,4,00:31,立春,寅
2046,3,5,18:17,惊蛰,卯
2046,4,4,22:45,清明,辰
2046,5,5,15:40,立夏,巳
2046,6,5,19:32,芒种,午
2046,7,7,05:40,小暑,未
2046,8,7,15:33,立秋,申
2046,9,7,18:43,白露,酉
2046,10,8,10:42,寒露,戌
2046,11,7,14:14,立冬,亥
2046,12,7,07:21,大雪,子
2047,1,5,18:42,小寒,丑
2047,2,4,06:18,立春,寅
2047,3,6,00:05,惊蛰,卯
2047,4,5,04:32,清明,辰
2047,5,5,21:28,立夏,巳
2047,6,6,01:20,芒种,午
2047,7,7,11:30,小暑,未
2047,8,7,21:25,立秋,申
2047,9,8,00:38,白露,酉
2047,10,8,16:37,寒露,戌
2047,11,7,20:07,立冬,亥
2047,12,7,13:11,大雪,子
2048,1,6,00:29,小寒,丑
2048,2,4,12:04,立春,寅
2048,3,5,05:54,惊蛰,卯
2048,4,4,10:25,清明,辰
2048,5,5,03:24,立夏,巳
2048,6,5,07:18,芒种,午
2048,7,6,17:26,小暑,未
2048,8,7,03:18,立秋,申
2048,9,7,06:28,白露,酉
2048,10,7,22:26,寒露,戌
2048,11,7,01:56,立冬,亥
2048,12,6,19:00,大雪,子
2049,1,5,06:18,小寒,丑
2049,2,3,17:53,立春,寅
2049,3,5,11:43,惊蛰,卯
2049,4,4,16:14,清明,辰
2049,5,5,09:12,立夏,巳
2049,6,5,13:03,芒种,午
2049,7,6,23:08,小暑,未
2049,8,7,08:58,立秋,申
2049,9,7,12:05,白露,酉
2049,10,8,04:05,寒露,戌
2049,11,7,07:38,立冬,亥
2049,12,7,00:46,大雪,子
2050,1,5,12:08,小寒,丑
2050,2,3,23:43,立春,寅
2050,3,5,17:32,惊蛰,卯
2050,4,4,22:03,清明,辰
2050,5,5,15:02,立夏,巳
2050,6,5,18:54,芒种,午
2050,7,7,05:02,小暑,未
2050,8,7,14:52,立秋,申
2050,9,7,18:00,白露,酉
2050,10,8,10:00,寒露,戌
2050,11,7,13:33,立冬,亥
2050,12,7,06:41,大雪,子
2051,1,5,18:02,小寒,丑
2051,2,4,05:36,立春,寅
2051,3,5,23:22,惊蛰,卯
2051,4,5,03:49,清明,辰
2051,5,5,20:47,立夏,巳
2051,6,6,00:40,芒种,午
2051,7,7,10:49,小暑,未
2051,8,7,20:41,立秋,申
2051,9,7,23:51,白露,酉
2051,10,8,15:50,寒露,戌
2051,11,7,19:22,立冬,亥
2051,12,7,12:28,大雪,子
2052,1,5,23:48,小寒,丑
2052,2,4,11:23,立春,寅
2052,3,5,05:09,惊蛰,卯
2052,4,4,09:37,清明,辰
2052,5,5,02:34,立夏,巳
2052,6,5,06:29,芒种,午
2052,7,6,16:40,小暑,未
2052,8,7,02:33,立秋,申
2052,9,7,05:42,白露,酉
2052,10,7,21:39,寒露,戌
2052,11,7,01:09,立冬,亥
2052,12,6,18:15,大雪,子
2053,1,5,05:36,小寒,丑
2053,2,3,17:13,立春,寅
2053,3,5,11:03,惊蛰,卯
2053,4,4,15:34,清明,辰
2053,5,5,08:33,立夏,巳
2053,6,5,12:27,芒种,午
2053,7,6,22:37,小暑,未
2053,8,7,08:30,立秋,申
2053,9,7,11:38,白露,酉
2053,10,8,03:36,寒露,戌
2053,11,7,07:06,立冬,亥
2053,12,7,00:11,大雪,子
2054,1,5,11:32,小寒,丑
2054,2,3,23:08,立春,寅
2054,3,5,16:55,惊蛰,卯
2054,4,4,21:23,清明,辰
2054,5,5,14:17,立夏,巳
2054,6,5,18:07,芒种,午
2054,7,7,04:13,小暑,未
2054,8,7,14:07,立秋,申
2054,9,7,17:19,白露,酉
2054,10,8,09:22,寒露,戌
2054,11,7,12:56,立冬,亥
2054,12,7,06:03,大雪,子
2055,1,5,17:22,小寒,丑
2055,2,4,04:55,立春,寅
2055,3,5,22:41,惊蛰,卯
2055,4,5,03:08,清明,辰
2055,5,5,20:03,立夏,巳
2055,6,5,23:55,芒种,午
2055,7,7,10:05,小暑,未
2055,8,7,20:01,立秋,申
2055,9,7,23:15,白露,酉
2055,10,8,15:19,寒露,戌
2055,11,7,18:52,立冬,亥
2055,12,7,11:58,大雪,子
2056,1,5,23:15,小寒,丑
2056,2,4,10:47,立春,寅
2056,3,5,04:32,惊蛰,卯
2056,4,4,09:00,清明,辰
2056,5,5,01:58,立夏,巳
2056,6,5,05:52,芒种,午
2056,7,6,16:02,小暑,未
2056,8,7,01:56,立秋,申
2056,9,7,05:07,白露,酉
2056,10,7,21:09,寒露,戌
2056,11,7,00:43,立冬,亥
2056,12,6,17:51,大雪,子
2057,1,5,05:10,小寒,丑
2057,2,3,16:42,立春,寅
2057,3,5,10:27,惊蛰,卯
2057,4,4,14:52,清明,辰
2057,5,5,07:46,立夏,巳
2057,6,5,11:36,芒种,午
2057,7,6,21:42,小暑,未
2057,8,7,07:34,立秋,申
2057,9,7,10:44,白露,酉
2057,10,8,02:46,寒露,戌
2057,11,7,06:22,立冬,亥
2057,12,6,23:34,大雪,子
2058,1,5,10:58,小寒,丑
2058,2,3,22:34,立春,寅
2058,3,5,16:19,惊蛰,卯
2058,4,4,20:44,清明,辰
2058,5,5,13:36,立夏,巳
2058,6,5,17:24,芒种,午
2058,7,7,03:31,小暑,未
2058,8,7,13:25,立秋,申
2058,9,7,16:38,白露,酉
2058,10,8,08:41,寒露,戌
2058,11,7,12:17,立冬,亥
2058,12,7,05:27,大雪,子
2059,1,5,16:49,小寒,丑
2059,2,4,04:24,立春,寅
2059,3,5,22:08,惊蛰,卯
2059,4,5,02:32,清明,辰
2059,5,5,19:24,立夏,巳
2059,6,5,23:12,芒种,午
2059,7,7,09:18,小暑,未
2059,8,7,19:12,立秋,申
2059,9,7,22:26,白露,酉
2059,10,8,14:30,寒露,戌
2059,11,7,18:05,立冬,亥
2059,12,7,11:13,大雪,子
2060,1,5,22:33,小寒,丑
2060,2,4,10:08,立春,寅
2060,3,5,03:54,惊蛰,卯
2060,4,4,08:19,清明,辰
2060,5,5,01:12,立夏,巳
2060,6,5,05:01,芒种,午
2060,7,6,15:07,小暑,未
2060,8,7,00:59,立秋,申
2060,9,7,04:10,白露,酉
2060,10,7,20:13,寒露,戌
2060,11,6,23:48,立冬,亥
2060,12,6,16:57,大雪,子
2061,1,5,04:18,小寒,丑
2061,2,3,15:53,立春,寅
2061,3,5,09:41,惊蛰,卯
2061,4,4,14:10,清明,辰
2061,5,5,07:06,立夏,巳
2061,6,5,10:56,芒种,午
2061,7,6,21:02,小暑,未
2061,8,7,06:52,立秋,申
2061,9,7,10:02,白露,酉
2061,10,8,02:04,寒露,戌
2061,11,7,05:39,立冬,亥
2061,12,6,22:50,大雪,子
2062,1,5,10:12,小寒,丑
2062,2,3,21:47,立春,寅
2062,3,5,15:31,惊蛰,卯
2062,4,4,19:55,清明,辰
2062,5,5,12:47,立夏,巳
2062,6,5,16:34,芒种,午
2062,7,7,02:38,小暑,未
2062,8,7,12:28,立秋,申
2062,9,7,15:40,白露,酉
2062,10,8,07:44,寒露,戌
2062,11,7,11:22,立冬,亥
2062,12,7,04:34,大雪,子
2063,1,5,15:57,小寒,丑
2063,2,4,03:31,立春,寅
2063,3,5,21:14,惊蛰,卯
2063,4,5,01:36,清明,辰
2063,5,5,18:28,立夏,巳
2063,6,5,22:17,芒种,午
2063,7,7,08:25,小暑,未
2063,8,7,18:20,立秋,申
2063,9,7,21:33,白露,酉
2063,10,8,13:36,寒露,戌
2063,11,7,17:12,立冬,亥
2063,12,7,10:20,大雪,子
2064,1,5,21:41,小寒,丑
2064,2,4,09:14,立春,寅
2064,3,5,02:59,惊蛰,卯
2064,4,4,07:24,清明,辰
2064,5,5,00:18,立夏,巳
2064,6,5,04:10,芒种,午
2064,7,6,14:19,小暑,未
2064,8,7,00:14,立秋,申
2064,9,7,03:26,白露,酉
2064,10,7,19:28,寒露,戌
2064,11,6,23:01,立冬,亥
2064,12,6,16:09,大雪,子
2065,1,5,03:29,小寒,丑
2065,2,3,15:03,立春,寅
2065,3,5,08:49,惊蛰,卯
2065,4,4,13:13,清明,辰
2065,5,5,06:05,立夏,巳
2065,6,5,09:52,芒种,午
2065,7,6,19:56,小暑,未
2065,8,7,05:49,立秋,申
2065,9,7,09:01,白露,酉
2065,10,8,01:05,寒露,戌
2065,11,7,04:42,立冬,亥
2065,12,6,21:52,大雪,子
2066,1,5,09:14,小寒,丑
2066,2,3,20:49,立春,寅
2066,3,5,14:34,惊蛰,卯
2066,4,4,18:57,清明,辰
2066,5,5,11:48,立夏,巳
2066,6,5,15:35,芒种,午
2066,7,7,01:41,小暑,未
2066,8,7,11:36,立秋,申
2066,9,7,14:53,白露,酉
2066,10,8,07:00,寒露,戌
2066,11,7,10:39,立冬,亥
2066,12,7,03:48,大雪,子
2067,1,5,15:07,小寒,丑
2067,2,4,02:37,立春,寅
2067,3,5,20:18,惊蛰,卯
2067,4,5,00:40,清明,辰
2067,5,5,17:32,立夏,巳
2067,6,5,21:21,芒种,午
2067,7,7,07:29,小暑,未
2067,8,7,17:25,立秋,申
2067,9,7,20:42,白露,酉
2067,10,8,12:50,寒露,戌
2067,11,7,16:30,立冬,亥
2067,12,7,09:40,大雪,子
2068,1,5,20:59,小寒,丑
2068,2,4,08:29,立春,寅
2068,3,5,02:08,惊蛰,卯
2068,4,4,06:29,清明,辰
2068,5,4,23:20,立夏,巳
2068,6,5,03:09,芒种,午
2068,7,6,13:16,小暑,未
2068,8,6,23:11,立秋,申
2068,9,7,02:25,白露,酉
2068,10,7,18:33,寒露,戌
2068,11,6,22:13,立冬,亥
2068,12,6,15:26,大雪,子
2069,1,5,02:48,小寒,丑
2069,2,3,14:20,立春,寅
2069,3,5,08:02,惊蛰,卯
2069,4,4,12:24,清明,辰
2069,5,5,05:14,立夏,巳
2069,6,5,09:03,芒种,午
2069,7,6,19:10,小暑,未
2069,8,7,05:06,立秋,申
2069,9,7,08:20,白露,酉
2069,10,8,00:27,寒露,戌
2069,11,7,04:07,立冬,亥
2069,12,6,21:22,大雪,子
2070,1,5,08:47,小寒,丑
2070,2,3,20:21,立春,寅
2070,3,5,14:02,惊蛰,卯
2070,4,4,18:19,清明,辰
2070,5,5,11:04,立夏,巳
2070,6,5,14:48,芒种,午
2070,7,7,00:52,小暑,未
2070,8,7,10:46,立秋,申
2070,9,7,14:03,白露,酉
2070,10,8,06:13,寒露,戌
2070,11,7,09:55,立冬,亥
2070,12,7,03:10,大雪,子
2071,1,5,14:35,小寒,丑
2071,2,4,02:10,立春,寅
2071,3,5,19:52,惊蛰,卯
2071,4,5,00:10,清明,辰
2071,5,5,16:55,立夏,巳
2071,6,5,20:37,芒种,午
2071,7,7,06:42,小暑,未
2071,8,7,16:39,立秋,申
2071,9,7,19:57,白露,酉
2071,10,8,12:07,寒露,戌
2071,11,7,15:48,立冬,亥
2071,12,7,09:00,大雪,子
2072,1,5,20:22,小寒,丑
2072,2,4,07:57,立春,寅
2072,3,5,01:40,惊蛰,卯
2072,4,4,06:03,清明,辰
2072,5,4,22:53,立夏,巳
2072,6,5,02:39,芒种,午
2072,7,6,12:45,小暑,未
2072,8,6,22:39,立秋,申
2072,9,7,01:55,白露,酉
2072,10,7,18:03,寒露,戌
2072,11,6,21:43,立冬,亥
2072,12,6,14:56,大雪,子
2073,1,5,02:18,小寒,丑
2073,2,3,13:52,立春,寅
2073,3,5,07:36,惊蛰,卯
2073,4,4,11:59,清明,辰
2073,5,5,04:47,立夏,巳
2073,6,5,08:30,芒种,午
2073,7,6,18:30,小暑,未
2073,8,7,04:20,立秋,申
2073,9,7,07:33,白露,酉
2073,10,7,23:41,寒露,戌
2073,11,7,03:24,立冬,亥
2073,12,6,20:40,大雪,子
2074,1,5,08:06,小寒,丑
2074,2,3,19:41,立春,寅
2074,3,5,13:24,惊蛰,卯
2074,4,4,17:45,清明,辰
2074,5,5,10:33,立夏,巳
2074,6,5,14:17,芒种,午
2074,7,7,00:20,小暑,未
2074,8,7,10:13,立秋,申
2074,9,7,13:28,白露,酉
2074,10,8,05:37,寒露,戌
2074,11,7,09:19,立冬,亥
2074,12,7,02:34,大雪,子
2075,1,5,13:57,小寒,丑
2075,2,4,01:30,立春,寅
2075,3,5,19:11,惊蛰,卯
2075,4,4,23:31,清明,辰
2075,5,5,16:19,立夏,巳
2075,6,5,20:06,芒种,午
2075,7,7,06:13,小暑,未
2075,8,7,16:08,立秋,申
2075,9,7,19:23,白露,酉
2075,10,8,11:31,寒露,戌
2075,11,7,15:11,立冬,亥
2075,12,7,08:24,大雪,子
2076,1,5,19:47,小寒,丑
2076,2,4,07:19,立春,寅
2076,3,5,01:00,惊蛰,卯
2076,4,4,05:20,清明,辰
2076,5,4,22:08,立夏,巳
2076,6,5,01:54,芒种,午
2076,7,6,12:00,小暑,未
2076,8,6,21:54,立秋,申
2076,9,7,01:09,白露,酉
2076,10,7,17:14,寒露,戌
2076,11,6,20:53,立冬,亥
2076,12,6,14:05,大雪,子
2077,1,5,01:28,小寒,丑
2077,2,3,13:03,立春,寅
2077,3,5,06:46,惊蛰,卯
2077,4,4,11:08,清明,辰
2077,5,5,03:58,立夏,巳
2077,6,5,07:44,芒种,午
2077,7,6,17:50,小暑,未
2077,8,7,03:46,立秋,申
2077,9,7,07:03,白露,酉
2077,10,7,23:10,寒露,戌
2077,11,7,02:50,立冬,亥
2077,12,6,20:02,大雪,子
2078,1,5,07:24,小寒,丑
2078,2,3,18:57,立春,寅
2078,3,5,12:37,惊蛰,卯
2078,4,4,16:56,清明,辰
2078,5,5,09:41,立夏,巳
2078,6,5,13:24,芒种,午
2078,7,6,23:28,小暑,未
2078,8,7,09:24,立秋,申
2078,9,7,12:43,白露,酉
2078,10,8,04:55,寒露,戌
2078,11,7,08:39,立冬,亥
2078,12,7,01:52,大雪,子
2079,1,5,13:13,小寒,丑
2079,2,4,00:43,立春,寅
2079,3,5,18:20,惊蛰,卯
2079,4,4,22:37,清明,辰
2079,5,5,15:22,立夏,巳
2079,6,5,19:05,芒种,午
2079,7,7,05:11,小暑,未
2079,8,7,15:09,立秋,申
2079,9,7,18:30,白露,酉
2079,10,8,10:43,寒露,戌
2079,11,7,14:27,立冬,亥
2079,12,7,07:40,大雪,子
2080,1,5,18:59,小寒,丑
2080,2,4,06:27,立春,寅
2080,3,5,00:05,惊蛰,卯
2080,4,4,04:22,清明,辰
2080,5,4,21:10,立夏,巳
2080,6,5,00:57,芒种,午
2080,7,6,11:05,小暑,未
2080,8,6,21:03,立秋,申
2080,9,7,00:22,白露,酉
2080,10,7,16:34,寒露,戌
2080,11,6,20:18,立冬,亥
2080,12,6,13:33,大雪,子
2081,1,5,00:56,小寒,丑
2081,2,3,12:25,立春,寅
2081,3,5,06:02,惊蛰,卯
2081,4,4,10:17,清明,辰
2081,5,5,02:59,立夏,巳
2081,6,5,06:41,芒种,午
2081,7,6,16:43,小暑,未
2081,8,7,02:37,立秋,申
2081,9,7,05:54,白露,酉
2081,10,7,22:06,寒露,戌
2081,11,7,01:52,立冬,亥
2081,12,6,19:11,大雪,子
2082,1,5,06:38,小寒,丑
2082,2,3,18:12,立春,寅
2082,3,5,11:50,惊蛰,卯
2082,4,4,16:03,清明,辰
2082,5,5,08:42,立夏,巳
2082,6,5,12:22,芒种,午
2082,7,6,22:25,小暑,未
2082,8,7,08:21,立秋,申
2082,9,7,11:42,白露,酉
2082,10,8,03:57,寒露,戌
2082,11,7,07:44,立冬,亥
2082,12,7,01:01,大雪,子
2083,1,5,12:26,小寒,丑
2083,2,3,23:58,立春,寅
2083,3,5,17:36,惊蛰,卯
2083,4,4,21:50,清明,辰
2083,5,5,14:31,立夏,巳
2083,6,5,18:11,芒种,午
2083,7,7,04:15,小暑,未
2083,8,7,14:12,立秋,申
2083,9,7,17:34,白露,酉
2083,10,8,09:49,寒露,戌
2083,11,7,13:35,立冬,亥
2083,12,7,06:51,大雪,子
2084,1,5,18:15,小寒,丑
2084,2,4,05:46,立春,寅
2084,3,4,23:25,惊蛰,卯
2084,4,4,03:40,清明,辰
2084,5,4,20:22,立夏,巳
2084,6,5,00:02,芒种,午
2084,7,6,10:03,小暑,未
2084,8,6,19:56,立秋,申
2084,9,6,23:14,白露,酉
2084,10,7,15:27,寒露,戌
2084,11,6,19:13,立冬,亥
2084,12,6,12:31,大雪,子
2085,1,4,23:56,小寒,丑
2085,2,3,11:29,立春,寅
2085,3,5,05:10,惊蛰,卯
2085,4,4,09:28,清明,辰
2085,5,5,02:13,立夏,巳
2085,6,5,05:54,芒种,午
2085,7,6,15:56,小暑,未
2085,8,7,01:49,立秋,申
2085,9,7,05:07,白露,酉
2085,10,7,21:20,寒露,戌
2085,11,7,01:07,立冬,亥
2085,12,6,18:27,大雪,子
2086,1,5,05:53,小寒,丑
2086,2,3,17:26,立春,寅
2086,3,5,11:03,惊蛰,卯
2086,4,4,15:17,清明,辰
2086,5,5,07:58,立夏,巳
2086,6,5,11:38,芒种,午
2086,7,6,21:40,小暑,未
2086,8,7,07:33,立秋,申
2086,9,7,10:52,白露,酉
2086,10,8,03:07,寒露,戌
2086,11,7,06:55,立冬,亥
2086,12,7,00:15,大雪,子
2087,1,5,11:42,小寒,丑
2087,2,3,23:15,立春,寅
2087,3,5,16:52,惊蛰,卯
2087,4,4,21:04,清明,辰
2087,5,5,13:44,立夏,巳
2087,6,5,17:24,芒种,午
2087,7,7,03:27,小暑,未
2087,8,7,13:24,立秋,申
2087,9,7,16:44,白露,酉
2087,10,8,08:57,寒露,戌
2087,11,7,12:43,立冬,亥
2087,12,7,06:00,大雪,子
2088,1,5,17:25,小寒,丑
2088,2,4,04:58,立春,寅
2088,3,4,22:37,惊蛰,卯
2088,4,4,02:52,清明,辰
2088,5,4,19:36,立夏,巳
2088,6,4,23:20,芒种,午
2088,7,6,09:25,小暑,未
2088,8,6,19:23,立秋,申
2088,9,6,22:43,白露,酉
2088,10,7,14:56,寒露,戌
2088,11,6,18:40,立冬,亥
2088,12,6,11:56,大雪,子
2089,1,4,23:21,小寒,丑
2089,2,3,10:54,立春,寅
2089,3,5,04:34,惊蛰,卯
2089,4,4,08:50,清明,辰
2089,5,5,01:31,立夏,巳
2089,6,5,05:10,芒种,午
2089,7,6,15:11,小暑,未
2089,8,7,01:04,立秋,申
2089,9,7,04:24,白露,酉
2089,10,7,20:37,寒露,戌
2089,11,7,00:24,立冬,亥
2089,12,6,17:42,大雪,子
2090,1,5,05:08,小寒,丑
2090,2,3,16:42,立春,寅
2090,3,5,10:21,惊蛰,卯
2090,4,4,14:36,清明,辰
2090,5,5,07:16,立夏,巳
2090,6,5,10:54,芒种,午
2090,7,6,20:56,小暑,未
2090,8,7,06:52,立秋,申
2090,9,7,10:15,白露,酉
2090,10,8,02:33,寒露,戌
2090,11,7,06:22,立冬,亥
2090,12,6,23:39,大雪,子
2091,1,5,11:01,小寒,丑
2091,2,3,22:30,立春,寅
2091,3,5,16:06,惊蛰,卯
2091,4,4,20:20,清明,辰
2091,5,5,13:03,立夏,巳
2091,6,5,16:45,芒种,午
2091,7,7,02:50,小暑,未
2091,8,7,12:49,立秋,申
2091,9,7,16:13,白露,酉
2091,10,8,08:31,寒露,戌
2091,11,7,12:20,立冬,亥
2091,12,7,05:38,大雪,子
2092,1,5,17:00,小寒,丑
2092,2,4,04:28,立春,寅
2092,3,4,22:02,惊蛰,卯
2092,4,4,02:14,清明,辰
2092,5,4,18:56,立夏,巳
2092,6,4,22:37,芒种,午
2092,7,6,08:40,小暑,未
2092,8,6,18:36,立秋,申
2092,9,6,21:56,白露,酉
2092,10,7,14:11,寒露,戌
2092,11,6,18:00,立冬,亥
2092,12,6,11:21,大雪,子
2093,1,4,22:47,小寒,丑
2093,2,3,10:18,立春,寅
2093,3,5,03:54,惊蛰,卯
2093,4,4,08:06,清明,辰
2093,5,5,00:46,立夏,巳
2093,6,5,04:26,芒种,午
2093,7,6,14:30,小暑,未
2093,8,7,00:27,立秋,申
2093,9,7,03:49,白露,酉
2093,10,7,20:06,寒露,戌
2093,11,6,23:55,立冬,亥
2093,12,6,17:17,大雪,子
2094,1,5,04:44,小寒,丑
2094,2,3,16:17,立春,寅
2094,3,5,09:51,惊蛰,卯
2094,4,4,14:00,清明,辰
2094,5,5,06:35,立夏,巳
2094,6,5,10:11,芒种,午
2094,7,6,20:14,小暑,未
2094,8,7,06:11,立秋,申
2094,9,7,09:36,白露,酉
2094,10,8,01:55,寒露,戌
2094,11,7,05:46,立冬,亥
2094,12,6,23:08,大雪,子
2095,1,5,10:35,小寒,丑
2095,2,3,22:07,立春,寅
2095,3,5,15:42,惊蛰,卯
2095,4,4,19:50,清明,辰
2095,5,5,12:25,立夏,巳
2095,6,5,16:00,芒种,午
2095,7,7,02:01,小暑,未
2095,8,7,11:58,立秋,申
2095,9,7,15:23,白露,酉
2095,10,8,07:42,寒露,戌
2095,11,7,11:32,立冬,亥
2095,12,7,04:51,大雪,子
2096,1,5,16:15,小寒,丑
2096,2,4,03:46,立春,寅
2096,3,4,21:23,惊蛰,卯
2096,4,4,01:35,清明,辰
2096,5,4,18:15,立夏,巳
2096,6,4,21:54,芒种,午
2096,7,6,07:56,小暑,未
2096,8,6,17:53,立秋,申
2096,9,6,21:17,白露,酉
2096,10,7,13:35,寒露,戌
2096,11,6,17:25,立冬,亥
2096,12,6,10:45,大雪,子
2097,1,4,22:10,小寒,丑
2097,2,3,09:41,立春,寅
2097,3,5,03:18,惊蛰,卯
2097,4,4,07:30,清明,辰
2097,5,5,00:08,立夏,巳
2097,6,5,03:43,芒种,午
2097,7,6,13:41,小暑,未
2097,8,6,23:32,立秋,申
2097,9,7,02:52,白露,酉
2097,10,7,19:10,寒露,戌
2097,11,6,23:03,立冬,亥
2097,12,6,16:27,大雪,子
2098,1,5,03:56,小寒,丑
2098,2,3,15:29,立春,寅
2098,3,5,09:04,惊蛰,卯
2098,4,4,13:13,清明,辰
2098,5,5,05:48,立夏,巳
2098,6,5,09:23,芒种,午
2098,7,6,19:22,小暑,未
2098,8,7,05:16,立秋,申
2098,9,7,08:38,白露,酉
2098,10,8,00:57,寒露,戌
2098,11,7,04:50,立冬,亥
2098,12,6,22:12,大雪,子
2099,1,5,09:39,小寒,丑
2099,2,3,21:09,立春,寅
2099,3,5,14:42,惊蛰,卯
2099,4,4,18:51,清明,辰
2099,5,5,11:29,立夏,巳
2099,6,5,15:07,芒种,午
2099,7,7,01:11,小暑,未
2099,8,7,11:10,立秋,申
2099,9,7,14:34,白露,酉
2099,10,8,06:52,寒露,戌
2099,11,7,10:42,立冬,亥
2099,12,7,04:03,大雪,子
2100,1,5,15:29,小寒,丑
2100,2,4,03:00,立春,寅
2100,3,5,20:34,惊蛰,卯
2100,4,5,00:43,清明,辰
2100,5,5,17:20,立夏,巳
2100,6,5,20:58,芒种,午
2100,7,7,06:59,小暑,未
2100,8,7,16:54,立秋,申
2100,9,7,20:15,白露,酉
2100,10,8,12:31,寒露,戌
2100,11,7,16:20,立冬,亥
2100,12,7,09:40,大雪,子
