giorno,sun,venus,jupiter,aspetto,punto,istante
2026-10-01,332.716,201.518,162.857,nessuno,,
2026-10-04,211.459,182.823,167.634,sextile,jupiter,2026-10-04T01:46:50Z
2026-10-07,226.758,184.287,66.478,nessuno,,
2026-10-10,109.224,33.884,285.472,nessuno,,
2026-10-13,249.638,291.472,32.641,sextile,venus,2026-10-13T08:20:25Z
2026-10-16,347.313,353.59,15.077,nessuno,,
2026-10-19,56.698,221.603,235.412,nessuno,,
2026-10-22,21.438,190.217,5.4,nessuno,,
2026-10-25,10.83,87.099,68.475,sextile,venus,2026-10-25T18:42:23Z
2026-10-28,303.274,158.591,167.016,trine,sun,2026-10-28T06:22:21Z
2026-11-03,148.045,318.045,34.8,trine,jupiter,2026-11-03T16:59:58Z
