citta,data,giorno,parte,alba_mia,tramonto_mio,alba_drik,tramonto_drik,alba_centro_mia,tramonto_centro_mio,rk_inizio_mio,rk_fine_mio,rk_inizio_drik,rk_fine_drik,scarto_inizio_min,scarto_fine_min,scarto_inizio_arrotondato,scarto_fine_arrotondato
Roma,2026-10-05,lun,2,07:11:00,18:45:03,07:11,18:45,07:12:27,18:43:37,08:37:46,10:04:31,08:38,10:05,+0.23,+0.47,+0,+0
Roma,2026-10-06,mar,7,07:12:06,18:43:23,07:12,18:43,07:13:32,18:41:56,15:50:33,17:16:58,15:51,17:17,+0.43,+0.02,+0,+0
Roma,2026-10-07,mer,5,07:13:12,18:41:42,07:13,18:42,07:14:38,18:40:16,12:57:27,14:23:31,12:57,14:24,-0.46,+0.48,+0,+0
Roma,2026-10-08,gio,6,07:14:18,18:40:02,07:14,18:40,07:15:44,18:38:36,14:22:53,15:48:36,14:23,15:49,+0.10,+0.39,+0,+0
Roma,2026-10-09,ven,4,07:15:24,18:38:23,07:15,18:38,07:16:51,18:36:57,11:31:31,12:56:54,11:32,12:57,+0.47,+0.10,+0,+0
Roma,2026-10-10,sab,3,07:16:31,18:36:45,07:16,18:37,07:17:58,18:35:18,10:06:34,11:31:36,10:07,11:32,+0.42,+0.39,+0,+0
Roma,2026-10-11,dom,8,07:17:38,18:35:07,07:18,18:35,07:19:05,18:33:40,17:10:26,18:35:07,17:10,18:35,-0.44,-0.12,+0,+0
Milano,2026-10-05,lun,2,07:26:18,18:56:15,07:26,18:56,07:27:50,18:54:43,08:52:33,10:18:47,08:53,10:19,+0.45,+0.20,+0,+0
Milano,2026-10-06,mar,7,07:27:35,18:54:23,07:28,18:54,07:29:07,18:52:51,16:02:41,17:28:32,16:03,17:29,+0.31,+0.46,+0,+0
Milano,2026-10-07,mer,5,07:28:52,18:52:31,07:29,18:53,07:30:24,18:50:59,13:10:41,14:36:09,13:11,14:36,+0.30,-0.16,+0,+0
Milano,2026-10-08,gio,6,07:30:09,18:50:40,07:30,18:51,07:31:41,18:49:08,14:35:29,16:00:33,14:35,16:01,-0.48,+0.45,+0,+0
Milano,2026-10-09,ven,4,07:31:27,18:48:50,07:31,18:49,07:32:59,18:47:18,11:45:28,13:10:08,11:45,13:10,-0.47,-0.15,+0,+0
Milano,2026-10-10,sab,3,07:32:44,18:47:00,07:33,18:47,07:34:17,18:45:28,10:21:18,11:45:35,10:21,11:46,-0.31,+0.40,+0,+0
Milano,2026-10-11,dom,8,07:34:03,18:45:11,07:34,18:45,07:35:35,18:43:39,17:21:18,18:45:11,17:21,18:45,-0.30,-0.20,+0,+0
Palermo,2026-10-05,lun,2,07:05:49,18:43:44,07:06,18:44,07:07:11,18:42:22,08:33:03,10:00:18,08:33,10:00,-0.06,-0.30,+0,+0
Palermo,2026-10-06,mar,7,07:06:44,18:42:14,07:07,18:42,07:08:06,18:40:52,15:48:21,17:15:17,15:48,17:15,-0.36,-0.30,+0,+0
Palermo,2026-10-07,mer,5,07:07:39,18:40:44,07:08,18:41,07:09:01,18:39:22,12:54:12,14:20:50,12:54,14:21,-0.20,+0.17,+0,+0
Palermo,2026-10-08,gio,6,07:08:35,18:39:14,07:09,18:39,07:09:57,18:37:52,14:20:15,15:46:35,14:20,15:47,-0.25,+0.42,+0,+0
Palermo,2026-10-09,ven,4,07:09:31,18:37:46,07:09,18:38,07:10:53,18:36:24,11:27:36,12:53:38,11:28,12:54,+0.39,+0.35,+0,+0
Palermo,2026-10-10,sab,3,07:10:27,18:36:17,07:10,18:36,07:11:49,18:34:55,10:01:55,11:27:38,10:02,11:28,+0.08,+0.35,+0,+0
Palermo,2026-10-11,dom,8,07:11:24,18:34:50,07:11,18:35,07:12:46,18:33:28,17:09:24,18:34:50,17:09,18:35,-0.41,+0.16,+0,+0
