istante,longitudine
1900-08-21T04:36:46Z,102.5759
1906-05-26T11:08:28Z,98.6389
1911-02-08T20:53:13Z,78.3017
1917-04-27T11:44:01Z,107.6446
1921-06-19T18:32:12Z,260.7602
1928-06-05T22:57:54Z,282.1267
1933-11-28T21:02:49Z,30.5195
1936-12-24T22:30:50Z,49.0665
1943-07-30T05:13:01Z,104.9803
1946-03-19T08:52:33Z,196.1828
1951-04-13T06:22:23Z,98.5622
1957-01-11T12:52:45Z,47.6484
1963-08-03T21:45:10Z,292.5518
1967-02-02T17:27:43Z,232.9479
1971-08-31T08:10:46Z,273.4302
1975-09-30T07:19:52Z,119.4108
1982-08-09T19:40:10Z,13.7432
1986-06-02T15:29:33Z,17.8244
1993-01-25T19:44:58Z,339.4005
1999-12-30T23:46:11Z,204.9712
2002-08-18T15:47:27Z,275.7263
2008-03-22T18:01:30Z,193.6357
2011-06-07T05:45:08Z,142.0170
2018-02-14T16:17:55Z,312.5442
2023-11-12T23:00:38Z,225.0791
2026-08-05T22:42:16Z,41.5483
2034-08-05T18:06:32Z,23.2578
2035-05-06T12:00:30Z,27.3457
2040-01-18T03:42:13Z,352.1549
2047-12-12T05:51:50Z,194.4640
2050-09-19T16:34:50Z,215.6203
2058-06-05T00:34:47Z,230.7093
2062-11-30T19:43:43Z,247.2951
2069-11-30T20:53:49Z,101.2532
2070-10-26T06:32:36Z,120.8827
2078-06-11T22:04:13Z,106.2644
2082-06-27T20:25:11Z,116.6400
2087-10-08T13:08:24Z,328.0116
2093-09-05T01:55:09Z,339.5524
2100-06-07T02:15:34Z,66.4299
