nascita_ut,lat,lon_est,sole_natale,ritorno_2026_ut,ascendente,medio_cielo,luna,venere,giove,saturno
1990-03-15 07:30,41.9,12.5,354.452999,2026-03-15T01:02:23Z,268.0530,202.4408,305.1250,10.6793,105.1120,3.4348
1985-07-04 20:10,45.46,9.19,102.770388,2026-07-04T17:49:14Z,263.8520,200.8387,335.8807,144.4215,120.9667,14.3366
1999-12-31 23:05,40.85,14.27,279.820284,2026-12-31T12:13:30Z,44.6236,295.6136,198.3695,233.0005,146.4716,8.3137
1972-11-23 13:00,45.07,7.69,241.345490,2026-11-23T15:21:43Z,52.6583,298.6126,47.7055,204.6159,146.4194,8.2016
1995-12-24 05:45,38.12,13.36,271.930742,2026-12-23T18:21:03Z,124.4126,22.6282,87.6890,225.5381,146.8367,8.0804
1968-06-21 10:00,43.77,11.25,90.070780,2026-06-21T10:11:18Z,167.4593,74.9830,174.2389,129.2436,118.1377,13.7049
2004-02-29 17:20,44.49,11.34,340.463867,2026-03-01T01:23:01Z,257.5814,191.9272,129.9158,353.2863,105.2537,1.7310
1979-09-09 01:15,41.12,16.87,165.778718,2026-09-08T09:56:08Z,229.6995,151.3611,130.1717,208.7049,135.2374,13.2315
1958-04-30 19:30,44.41,8.93,39.939418,2026-04-30T06:34:37Z,81.3433,323.4814,203.6302,67.4094,108.8139,9.0643
2011-06-30 17:45,38.11,15.65,98.604435,2026-06-30T08:56:02Z,162.2274,69.7605,282.7133,139.4808,120.0273,14.1594
