nascita_locale,citta,fuso_h,ut,luna_siderale_lahiri,rashi_SE,nakshatra_SE,pada_SE,minuti_dal_confine_nakshatra,minuti_dal_confine_rashi,rashi_drik,nakshatra_drik,rashi_concorda,nakshatra_concorda,fine_nakshatra_SE,fine_nakshatra_Drik,scarto_fine_min_Drik_meno_SE
1990-03-15 08:30,Roma,+1,1990-03-15 07:30,193.7893,Tula (Bilancia),15 Swati,3,750,1665,Tula,Swati,si,si,1990-03-15 21:01:13,1990-03-15 21:02,+0.8
1985-07-04 22:10,Milano,+2,1985-07-04 20:10,289.1037,Makara (Capricorno),22 Shravana,3,455,1172,Makara,Shravana,si,si,1985-07-05 05:46:58,oltre le pagine scaricate,
2000-01-01 00:05,Napoli,+1,1999-12-31 23:05,192.9778,Tula (Bilancia),15 Swati,2,750,1543,Tula,Swati,si,si,2000-01-01 14:03:26,2000-01-01 14:05,+1.6
1972-11-23 14:00,Torino,+1,1972-11-23 13:00,74.2291,Mithuna (Gemelli),6 Ardra,3,565,1392,Mithuna,Ardra,si,si,1972-11-23 23:27:40,1972-11-23 23:28,+0.3
1995-12-24 06:45,Palermo,+1,1995-12-24 05:45,278.6412,Makara (Capricorno),21 Uttara Ashadha,4,130,826,Makara,Uttara Ashadha,si,si,1995-12-24 08:55:00,1995-12-24 08:56,+1.0
1968-06-21 12:00,Firenze,+2,1968-06-21 10:00,17.2267,Mesha (Ariete),2 Bharani,2,475,1558,Mesha,Bharani,si,si,1968-06-22 07:12:16,oltre le pagine scaricate,
2004-02-29 18:20,Bologna,+1,2004-02-29 17:20,63.6712,Mithuna (Gemelli),5 Mrigashirsha,4,362,444,Mithuna,Mrigashirsha,si,si,2004-03-01 00:21:51,2004-03-01 00:23,+1.1
1979-09-09 03:15,Bari,+2,1979-09-09 01:15,358.5932,Meena (Pesci),27 Revati,4,139,139,Meena,Revati,si,si,1979-09-09 05:33:41,1979-09-09 05:35,+1.3
1999-08-11 11:00,Venezia,+2,1999-08-11 09:00,113.2590,Karka (Cancro),9 Ashlesha,2,679,695,Karka,Ashlesha,si,si,1999-08-11 22:38:04,1999-08-11 22:39,+0.9
1958-04-30 20:30,Genova,+1,1958-04-30 19:30,158.8226,Kanya (Vergine),12 Uttara Phalguni,4,114,855,Kanya,Uttara Phalguni,si,si,1958-04-30 22:24:00,1958-04-30 22:24,-0.0
1983-05-19 16:40,Catania,+2,1983-05-19 14:40,124.6485,Simha (Leone),10 Magha,2,474,474,Simha,Magha,si,si,1983-05-20 07:27:24,oltre le pagine scaricate,
1976-10-02 09:15,Cagliari,+1,1976-10-02 08:15,278.8763,Makara (Capricorno),21 Uttara Ashadha,4,124,981,Makara,Uttara Ashadha,si,si,1976-10-02 11:19:15,1976-10-02 11:20,+0.7
1992-08-27 23:50,Trieste,+2,1992-08-27 21:50,128.1902,Simha (Leone),10 Magha,3,484,771,Simha,Magha,si,si,1992-08-28 07:54:29,oltre le pagine scaricate,
2008-11-14 07:05,Verona,+1,2008-11-14 06:05,42.2654,Vrishabha (Toro),4 Rohini,1,215,1165,Vrishabha,Rohini,si,si,2008-11-15 00:37:29,2008-11-15 00:38,+0.5
1964-01-08 13:20,Perugia,+1,1964-01-08 12:20,194.2338,Tula (Bilancia),15 Swati,3,699,1725,Tula,Swati,si,si,1964-01-09 01:00:13,1964-01-09 01:02,+1.8
1988-02-11 05:30,Ancona,+1,1988-02-11 04:30,210.7342,Vrishchika (Scorpione),16 Vishakha,4,284,80,Vrishchika,Vishakha,si,si,1988-02-11 10:13:26,1988-02-11 10:14,+0.6
2011-06-30 19:45,Reggio Calabria,+2,2011-06-30 17:45,66.8191,Mithuna (Gemelli),6 Ardra,1,17,746,Mithuna,Ardra,si,si,2011-07-01 19:31:36,oltre le pagine scaricate,
1997-04-03 02:10,Trento,+2,1997-04-03 00:10,288.2339,Makara (Capricorno),22 Shravana,3,508,1173,Makara,Shravana,si,si,1997-04-03 10:36:54,1997-04-03 10:38,+1.1
1970-12-17 21:00,Pescara,+1,1970-12-17 20:00,119.0785,Karka (Cancro),9 Ashlesha,4,111,111,Karka,Ashlesha,si,si,1970-12-17 22:51:15,1970-12-17 22:52,+0.7
2015-09-22 10:25,Lecce,+2,2015-09-22 08:25,256.8579,Dhanu (Sagittario),20 Purva Ashadha,2,379,1415,Dhanu,Purva Ashadha,si,si,2015-09-23 03:48:26,2015-09-23 03:49,+0.6
