# JPL DE440s con skyfield, longitudine eclittica apparente della data, gradi
jd_ut,sole,luna,mercurio,venere,marte,giove,saturno,urano,nettuno,plutone,luna_latitudine
2415019.500000,279.133529,258.267703,257.735063,305.130775,283.097648,240.939761,267.600320,250.083760,85.245996,75.268805,-0.184665
2488069.490000,280.594269,157.275776,287.989996,320.058780,29.521369,201.205248,205.631058,17.741132,167.290570,32.403035,1.103495
2415196.247204,93.667744,77.522436,117.819714,112.470252,58.830491,242.649369,271.598165,249.523232,86.989385,76.598032,-0.601553
2415727.993525,256.735170,239.061479,243.804481,303.934399,281.702182,286.298442,285.133135,257.089000,90.451576,77.703396,1.413083
2416401.515985,199.480266,111.916080,183.075292,166.112014,255.130066,344.603313,302.714990,262.398555,95.949105,80.614877,-5.092875
2416621.480685,59.481325,130.401040,48.361676,46.373418,61.999742,18.949224,320.907620,269.104419,94.313087,79.686554,-3.585830
2419081.526921,324.211711,151.719569,301.157376,343.133687,279.494358,224.184068,31.339367,296.926072,109.298923,86.011415,4.758411
2419716.856144,227.593412,243.188287,247.909283,260.395463,225.956426,258.013983,61.653769,299.945282,115.981403,89.773520,-4.036391
2423182.425281,46.544743,181.722908,61.208846,68.392939,265.271477,190.232702,181.401255,342.902433,133.222881,98.339749,-0.595124
2424904.717148,303.221476,192.736316,300.277868,318.462635,46.381078,331.285355,245.418118,356.540195,146.210385,104.494586,5.197980
2425946.869041,248.694066,250.582883,250.802885,232.559713,249.246419,71.676745,270.133631,7.559911,153.579211,109.297040,-2.494505
2426015.747228,318.760519,67.953653,293.963533,319.125812,301.147974,66.455739,277.945446,8.610867,152.578146,107.942481,2.648449
2426305.285299,241.781592,293.613166,251.695652,238.511141,133.486916,110.053857,279.534422,11.738737,155.730685,110.670537,-5.166587
2426447.971353,25.506370,8.175663,42.838961,348.540958,124.970648,102.914140,293.039818,15.920372,153.209223,108.730114,-0.577125
2427575.261848,56.138085,103.934233,61.679526,12.424251,48.536403,194.115211,327.792276,29.032920,159.601039,112.882097,2.477321
2428045.020274,156.200728,172.273357,173.948825,169.774389,228.836218,226.912821,336.885221,35.369781,164.009426,116.698612,-4.491344
2428428.228413,173.646886,184.654495,196.345229,195.170576,143.801201,256.535219,348.764531,39.167659,166.783111,118.370108,-4.973625
2431626.573576,88.366329,205.622440,93.369618,42.766750,36.316069,169.425057,102.209907,74.157456,183.659191,128.672711,5.055013
2431884.348394,343.662358,358.187152,0.678950,351.264694,104.814872,206.647876,108.171944,73.477588,187.884669,129.922075,-5.013090
2432993.175079,356.745924,217.220645,334.823573,349.030251,356.692772,296.333500,150.964155,86.577316,194.276088,134.494771,-1.032003
2434102.289032,10.016553,71.235492,19.374555,347.472490,228.298299,23.016271,191.757800,99.972238,200.632752,139.313500,5.072487
2434505.266275,46.875955,333.328844,29.107254,15.171463,64.533028,59.561996,202.244508,105.340564,201.863274,140.803057,2.249063
2435027.753272,198.381554,18.923954,222.715449,236.856238,294.159070,117.926482,219.265672,117.483505,205.520752,146.255522,4.939274
2435241.719728,52.648359,312.727707,72.953805,23.550155,82.228794,114.772004,227.505084,114.385460,206.182481,144.313645,3.753728
2435798.114777,238.271284,89.077669,242.681590,203.960319,352.762419,177.141208,244.518856,126.959151,211.174437,150.420858,-2.654249
2435998.676288,78.061009,218.260599,55.196247,92.788821,112.274384,172.495422,250.477023,124.367549,210.097451,148.147136,-1.022845
2436457.648270,167.898988,135.690268,150.117509,152.005812,56.936551,210.692929,259.360338,134.187514,212.893098,152.567217,-4.791424
2436666.376055,17.295266,14.334459,1.433313,51.659376,88.585723,241.376265,277.001191,132.291244,216.094944,151.978225,-0.114553
2436829.835009,174.661505,9.868233,175.057272,150.252300,188.038727,237.097954,270.602698,139.010541,215.210690,154.645389,-0.544543
2437264.707111,243.947894,340.985423,224.326117,283.081627,108.441667,276.030101,285.654426,145.794303,219.784666,158.081404,0.069353
2438544.808412,67.943711,279.555526,43.522515,96.873343,46.113784,41.106228,334.805115,156.026788,225.881729,161.600506,-0.683074
2444669.534684,345.365050,339.920873,320.559345,337.220332,351.346546,187.971945,188.023209,240.111489,264.733099,203.932484,-2.548508
2446543.546924,32.597548,192.145005,6.968288,55.421486,281.991957,343.834787,248.750108,262.080210,275.745426,216.071139,1.625441
2449566.946436,129.916376,71.798570,118.391849,174.510546,80.453058,216.193412,341.138297,293.720826,291.465673,235.280706,-1.837224
2453133.878569,48.106160,277.268719,23.488930,84.465841,90.642648,158.930760,99.539180,336.350576,315.370633,261.743883,-4.387011
2455445.466251,163.279125,128.242420,158.689714,207.896103,204.055278,0.401842,184.698109,359.228238,326.854082,272.807562,-2.407088
2457409.902501,301.789277,101.379892,285.791132,268.214864,220.083796,172.913072,253.300153,16.876834,338.145445,285.783826,-4.847914
2457876.263393,42.528396,128.089807,24.297845,2.082673,67.798345,195.275769,267.233304,25.510527,343.732738,289.361639,-1.933905
2459608.755660,309.299848,268.149793,296.793274,281.077198,273.430127,336.582014,315.155948,40.867524,351.347603,296.860796,-2.454783
2461510.627368,24.938557,130.317082,10.805040,353.898930,141.988026,137.001946,18.601371,63.433843,4.873821,307.051854,0.699650
2461527.628776,41.510781,348.044255,45.334127,14.512960,145.835678,137.549138,20.704774,64.318745,5.455735,307.168779,2.625100
2461830.370138,339.794544,17.344514,312.932106,24.538585,344.361678,174.218553,24.782210,66.043282,5.343119,307.757850,5.009162
2467168.344798,197.658740,162.412490,181.809894,210.736415,231.056169,241.189813,216.782068,136.624026,39.523755,327.861684,3.081615
2470131.283236,238.640754,314.769872,260.592777,199.293253,340.407510,154.382969,303.936859,174.808152,56.916548,338.470900,5.258231
2470187.820253,296.112091,343.647453,277.970772,250.338335,15.345240,154.808017,309.541455,175.418332,55.672561,339.093559,4.099227
2470487.539745,229.586027,325.719351,251.178789,255.238463,208.341397,179.393456,314.426926,179.040497,59.480072,339.786526,4.430580
2470725.468012,105.578415,229.545123,122.353298,63.888589,12.557408,179.098940,331.947068,176.714264,61.947123,343.124463,3.248649
2471295.091144,307.852054,179.869775,324.720738,272.478749,275.883670,242.260515,342.587350,189.823836,62.361295,343.083352,1.977376
2471659.592585,307.097330,299.938439,295.685793,332.572757,77.970867,268.012418,353.656960,194.650463,64.630727,344.292260,1.749746
2472502.291049,58.331415,238.295888,34.670986,12.441689,138.119113,343.882158,29.830032,200.692565,71.020729,349.259119,3.013329
2472613.158552,164.558009,259.202023,147.024298,136.863086,202.835886,342.155717,35.629951,202.110988,74.067880,348.433606,0.972624
2477572.532793,16.338581,86.186838,358.258083,57.019239,337.839426,36.211021,209.343314,267.864507,100.471677,4.301301,-5.182448
2479567.116236,178.530875,94.955938,162.079646,139.303027,235.936624,199.214723,263.769764,285.190863,116.181760,10.214817,1.205005
2481199.546439,351.133244,355.603700,330.313166,343.495579,38.347295,338.453904,321.894839,308.244681,122.929152,14.168556,0.120735
2483178.723016,139.066484,159.159644,135.542541,124.661342,64.475536,146.662660,30.181439,328.387251,136.358612,21.389098,-5.028637
2483915.851738,145.438391,154.484876,172.114876,170.238450,86.327616,196.068316,56.963788,336.410567,140.856990,23.371494,-4.160810
2484123.765691,353.410040,4.079782,353.570687,338.751965,123.159841,228.783135,52.803413,338.800012,140.946327,22.265145,1.296889
2485108.045082,240.464965,21.184441,229.255790,271.344485,274.990603,290.484170,98.665569,345.943996,149.733261,24.846449,-4.007040
2485601.125314,9.687380,39.905405,347.220644,16.086733,206.399092,346.794995,106.882463,354.684126,149.583334,26.531806,-5.004701
2487164.447655,108.538906,116.702024,134.831980,70.191750,313.283157,118.660160,164.406938,13.663164,158.670285,32.321545,4.906828
